PC1,PC2,PC3,target_name
-2.7398971022682828,0.19942944156685716,-0.010254052432243699,setosa
-2.7881465217915617,-0.19308542936818363,-0.23174996503987166,setosa
-2.947467039639222,-0.20590833424096022,-0.03170228124428974,setosa
-2.807154169487236,-0.4008502356737935,0.008234032910468217,setosa
-2.811334498960957,0.2928726324127249,0.11819883648516415,setosa
-2.3002109813474534,0.6514215673063415,0.24830543768528432,setosa
-2.8424759944205933,-0.17291189478797087,0.22821832646168608,setosa
-2.6621159472477935,0.09948348322075162,-0.03979290487495457,setosa
-2.9331081726202077,-0.642260223735799,-0.047778360537297254,setosa
-2.7404095473205268,-0.11631466500040055,-0.20850969738464226,setosa
-2.522777224947636,0.5976699049527117,-0.028634650425242728,setosa
-2.625235507517065,-0.05061924140601892,0.10590937100878177,setosa
-2.807530610275312,-0.30585390293539927,-0.19255348599606076,setosa
-3.2481556050673612,-0.6041388515226886,0.034828448666484296,setosa
-2.6910137524268984,1.1296883006870955,-0.08480080612765811,setosa
-2.414416297373237,1.2457019441849244,0.32399075775489194,setosa
-2.6868394015168144,0.7244483923022873,0.13078099678968688,setosa
-2.719463485034885,0.2829696130636643,0.009779016427337764,setosa
-2.2239836968332924,0.8264048602430236,-0.041763896540089634,setosa
-2.648799380802677,0.47935271341909136,0.25635022124835705,setosa
-2.358384871663654,0.36385002109329534,-0.17282511539842466,setosa
-2.5752421710652436,0.32278666819705926,0.2534335637725868,setosa
-3.2620110341543325,0.053194593854383854,0.30713454611544183,setosa
-2.3857849824808706,0.03200957098505519,0.0017904090448939147,setosa
-2.4151633377496533,-0.09188361241447218,0.12813474367695465,setosa
-2.544335946038884,-0.15387230797460294,-0.2620889526481612,setosa
-2.490127384735868,0.03533254634653815,0.07720968114774164,setosa
-2.610156485244665,0.35843112908799846,-0.039901381724884444,setosa
-2.6665205083437833,0.25134687451568727,-0.0916103373677995,setosa
-2.682072272789939,-0.2729105462920227,-0.004166878214512101,setosa
-2.601497764569218,-0.2418048541611304,-0.0851299681315405,setosa
-2.432060790293574,0.4071054057155976,-0.15503211503117667,setosa
-2.6933879539806846,0.6736748705988207,0.33743446623553186,setosa
-2.6489171760528967,1.0149631513549862,0.25079763450803033,setosa
-2.7150173403835294,-0.14786775262955043,-0.1408801945033447,setosa
-2.885438669398646,0.022220706375678745,-0.19765097881784016,setosa
-2.677734371033579,0.5991380904064592,-0.23294939301695883,setosa
-2.8443212431510347,0.15278286088787407,0.16315600963492816,setosa
-3.0497783084014607,-0.5252337249267471,0.04034161019133978,setosa
-2.6418958095139975,0.18780679597958994,-0.0982435445017158,setosa
-2.7892337941933314,0.21106876627199167,0.08745821395818745,setosa
-2.8852652817614612,-0.9732555894179509,-0.49066010467776444,setosa
-3.053322676992599,-0.4349362996892223,0.1877107341411389,setosa
-2.4480503090580528,0.0977738335194056,0.21246536068241098,setosa
-2.2163402272294803,0.36204745202568933,0.38674447237777504,setosa
-2.7615764329424115,-0.2761649613565531,-0.13977999719525683,setosa
-2.6096718004352657,0.4075397008878481,0.20725761795550018,setosa
-2.898986865821342,-0.33449483937520963,0.04318474010886198,setosa
-2.5831461581924855,0.4946536985690395,0.03830723522685045,setosa
-2.766065279760835,0.05325054790984307,-0.09289232450413465,setosa
-2.8290894670409696,-0.12600501784227625,0.0576301073613191,setosa
-2.759014407976626,-0.05539020532955252,-0.3495639574571154,setosa
-2.7213806631806667,-0.02594437799644833,-0.15725409964304154,setosa
-2.8601165451420996,0.02065817566506123,-0.003661242667698822,setosa
-3.063788207623741,0.1269231590544173,0.4506549143653935,setosa
-3.2414662959201404,-0.8447427797363973,0.01292708221053733,setosa
-2.6240767952899784,0.6239508820557722,-0.46174244654552643,setosa
-2.7217712783059023,-0.02452122745661356,-0.06613178866454361,setosa
-2.8189290649188594,0.36236451651021095,-0.08877944545367761,setosa
-2.521678369626164,-0.18037815726585027,-0.08696655987659418,setosa
-2.6895330948900105,0.2887848596502032,-0.05254045609235486,setosa
-2.785927952744403,-0.09413766082481878,-0.286030339677914,setosa
-2.553391066755985,0.04610465445763179,0.33942466003958943,setosa
-2.6839572675953223,0.6042493372713222,0.3112024147008936,setosa
-2.5407685954379304,0.8138112683197765,0.007178508329777095,setosa
-2.8065107511502068,0.11892803413011688,-0.06162054653903981,setosa
-2.8800501127159617,-0.532941338400791,0.03704803678688487,setosa
-2.5671247818615637,0.538153423017806,-0.3453992953622616,setosa
-2.4289163743958295,0.3980339024818207,0.22246905506872627,setosa
-2.5174075219936913,1.1049065467378956,0.07818339187829203,setosa
-2.481272765494514,0.7259331415322317,-0.09405375160331497,setosa
-2.6582904624020203,-0.308842183364483,-0.13139019511094183,setosa
-2.520575056138825,0.26389269299523654,-0.216440556020095,setosa
-2.9836882790571986,-0.22966935261760302,0.13336956454935012,setosa
-2.6180384970454798,0.3952515228706588,0.1612316503039886,setosa
-2.677139347302079,0.4364234185474505,0.0952692701304547,setosa
-2.760834681528898,0.7596381673951935,-0.050359638390678224,setosa
-2.761023113949057,0.2606179983135739,0.03466828587189485,setosa
-2.5435392831478376,0.6809430471690687,0.027003933064349325,setosa
-2.555200029022102,0.8459257646522191,-0.11667784477579299,setosa
-2.766054270217814,-0.02852613572286611,-0.15286058054839843,setosa
-3.033256041796338,-0.7567262240487906,-0.07054467547322396,setosa
-2.9788151023790372,-0.21621902129749682,-0.09282905565083593,setosa
-2.6156813041750366,0.40777658278016826,-0.1129258282010614,setosa
-2.95035023419961,-0.2248791430730952,0.10488212357226893,setosa
-2.72810199539989,0.2060263323066689,0.07668108239673319,setosa
-2.416648423621259,0.7325570798212206,0.4548296152057964,setosa
-2.5784527665302237,-0.2039489765719953,-0.08875327046761233,setosa
-2.8399460942592336,-0.1734895929574618,0.1434100500559401,setosa
-2.7884451713878775,-0.17731055845683308,0.11258940771050732,setosa
-2.390201972911555,0.542179847450023,0.38315570722182657,setosa
-2.99223423546181,-0.3717500833733709,-0.08142761275144317,setosa
-2.7969913846496803,1.0325234659386915,0.025183102486222256,setosa
-3.2973496390554997,-0.5496399938733925,0.21236489192943148,setosa
-2.9822751852477416,-0.30347371403143075,-0.0441650368850052,setosa
-2.5028789475355038,0.03107164552583619,0.30344923936600504,setosa
-2.9109598179296228,0.15556110666392886,0.3045249062830063,setosa
-2.5953557654574015,0.6216769153967476,-0.3350890008236392,setosa
-2.61242118792785,0.21902278980759782,0.23543974594599573,setosa
-2.920077364988347,-0.08440838344569102,0.1744949759476282,setosa
-2.403014002263282,1.3969308973757713,0.38030188914147817,setosa
-2.8140812376264397,0.08955328360645076,0.23272478098373078,setosa
-2.582013763512078,0.5644034800644935,0.37204615257178875,setosa
-2.4862103422322956,0.20794084873651641,-0.2778398336156405,setosa
-2.510469673026999,0.9200109022597811,0.25655612935613226,setosa
-2.445982972887626,0.09725343257054764,-0.15238029576453319,setosa
-3.076523272469906,-0.5269772661996628,-0.04315891620356423,setosa
-3.0622861475739427,0.16658571783885456,0.5624541878353797,setosa
-2.705268998532853,0.93685657004748,0.2287376897907038,setosa
-3.035090353448197,-0.24316667807807146,0.021055666348989144,setosa
-2.974401053264123,-0.3860481309737178,0.1851764636955438,setosa
-2.6746171269472057,0.24394188203498324,-0.3414611732311391,setosa
-2.7319272860352815,0.6476823212984328,0.2920185698943204,setosa
-2.9623953006791477,-0.010654116011175496,0.19088735943501997,setosa
-2.4867385118506196,0.10356926847360803,-0.2175942637551168,setosa
-3.25862681308217,-0.41072246543975854,-0.05614342090582103,setosa
-2.7254096873132183,0.49760518565470857,0.04664507104732145,setosa
-2.73169424262952,-0.19601688056143018,0.30383805859461854,setosa
-2.3816842863533334,0.7714880557561781,0.043128821223615915,setosa
-2.4668789398880544,0.13735344074911904,-0.07539756717659146,setosa
-2.9791549126048036,-0.2754244120161724,0.11489541618930395,setosa
-3.0614339508319035,-0.4231862053021773,-0.05439273189425975,setosa
-2.8687883076145377,-0.3266460868138221,-0.18428365224806087,setosa
-2.7966388302592198,-0.37726681670195905,-0.1198609677093512,setosa
-2.5477019879282468,0.05053946488263428,-0.19470858119335022,setosa
-2.6316738509329154,0.4386949536622131,-0.028876497324917594,setosa
-2.370066703531339,0.7080643109607312,0.05218958099423124,setosa
-2.210894721014966,0.4557344254119853,0.20079837009484336,setosa
-2.6225135005378633,0.2693100830195796,0.3078590145266895,setosa
-2.486740033374717,0.16738023372503097,0.06856207914268252,setosa
-2.8046863211752013,0.45964915278247176,0.2633716155399277,setosa
-2.5702093915399655,0.7608390732679755,0.24186421902279556,setosa
-2.213237666520648,0.9906365272384203,-0.049460807527322376,setosa
-2.57598656148823,0.4173895808015784,0.11216954310481134,setosa
-2.855955585364156,0.19918169058290403,0.076778370805251,setosa
-2.64155022998977,-0.28742910798536503,0.10050601053754432,setosa
-2.8603335778566046,-0.21656919371723404,-0.09768377183647836,setosa
-2.33946736707127,0.6171262479412167,0.3676896218310325,setosa
-2.76259535841173,0.038226760161769846,-0.037828886056962246,setosa
-2.6715481551572533,0.2327199817996739,0.2725954895574826,setosa
-2.8854740514751698,-0.1950926997727107,0.12258421334515107,setosa
-2.568675882358009,0.3777565794437132,-0.16333893713306408,setosa
-2.4180037576785347,-0.27907403874737025,0.15185977203983914,setosa
-2.7393530138734974,0.12575881793194643,-0.20526063984409004,setosa
-2.8539519541307237,-0.2950260584531268,-0.03683635030839842,setosa
-2.2902832732959557,0.4521866344880312,-0.0006324103726328273,setosa
-2.54709417514611,-0.16268670408185848,-0.3717572121624168,setosa
-2.6539464029264357,0.095425803463427,0.2937817114892133,setosa
-2.1858480211377587,0.6297757678202052,-0.14695259675635358,setosa
-3.108616221586224,-0.5425847841607592,0.32604865929806903,setosa
-2.7312629764783787,0.2314032428465591,-0.2543967695006316,setosa
-2.974638131346673,-0.39512662415684296,-0.11046839419532353,setosa
-2.60677511244715,0.7789617761682015,0.2769976227620968,setosa
-2.8237224334908113,-0.41771395184424964,-0.1593327355213832,setosa
-2.844416245927821,0.0865729334293226,-0.4238852631682246,setosa
-2.649881156102696,-0.01574323504110442,-0.018274754753756506,setosa
-2.8666239749358065,-0.10610849132215971,-0.030333896475347566,setosa
-2.7235121666778803,0.3778332442620842,0.27541216446776884,setosa
-2.7933358663529257,-0.28038624763790576,-0.11686159625815798,setosa
-2.63655622894166,0.29715174925055177,0.13155629881721964,setosa
-2.997840924020347,-1.0674541322210507,-0.44720844741196,setosa
-2.7090308813003823,0.17915944150404872,0.013797736063589666,setosa
-2.7133740508797963,0.5425718439360718,0.35770575272188815,setosa
-3.185968701873029,-0.48268575118361046,0.3501387830772667,setosa
-2.754192697093846,0.3678193115469375,0.05918248121636014,setosa
-2.6877719663764417,0.41510728760383486,-0.08459779478993301,setosa
-2.577793594922293,-0.13667797632392187,-0.09754410676013936,setosa
-3.1867844040118958,-0.6198200454718563,-0.12432329545525048,setosa
-2.587438149228022,-0.12912994654745003,-0.39727615823504464,setosa
-2.3871648236197323,1.099670367585741,0.4109735744800523,setosa
-2.6191459658292247,0.2422220881624071,-0.3652426577958235,setosa
-2.7130126105519152,-0.35193223088869896,-0.20155971418102636,setosa
-2.4676578810273653,-0.18239808396178336,0.2652754347351788,setosa
-2.4123798030163015,0.23169907859274907,0.22629602921675365,setosa
-3.060336450965805,-0.13946278314633087,-0.03826897070506935,setosa
-2.5574736756155176,-0.04999474940605708,-0.050369324788424485,setosa
-2.679532884046491,0.4320414906221721,0.12133702068432231,setosa
-2.7663660529627507,0.6660883102697834,-0.10280609241683225,setosa
-2.6496147669852177,0.6785205378714885,0.2459994519322759,setosa
-2.3817255113190843,-0.08873348871093611,0.20527272429834914,setosa
-2.525972202816125,0.5498180886482569,0.17388015407183677,setosa
-2.6580005039695798,-0.08307748622021549,0.0463561145586664,setosa
-2.766998792204715,0.2390986789821019,0.28285384085606324,setosa
-2.5386457106401545,0.38193174018928033,-0.12003298805428075,setosa
-2.5679581817213433,1.2712915995651262,-0.25567722982019464,setosa
-2.428674795514124,0.1539336705385601,-0.0574722232977852,setosa
-2.8669898291067755,0.26106539381183236,0.048001872907624935,setosa
-3.1628613934380283,-0.48733535497661595,-0.16844898501738245,setosa
-2.5733951628407064,-0.061895460999775054,-0.38011613769999225,setosa
-2.6556807967677396,0.39944961903770704,-0.008506332219350182,setosa
-2.660918564076291,0.5942860558215246,0.1690144096404274,setosa
-2.6983472193565525,0.14467062291958754,-0.10218871355591833,setosa
-2.4741132992275046,0.6770845307303572,-0.4268145334229718,setosa
-2.3186173049913363,0.14928111059077764,0.048935904680561915,setosa
-2.8868914373817707,-0.3456467317155463,0.1595602292143986,setosa
-3.1834496170443094,-0.3681564433138629,0.4490389599773856,setosa
-2.655615041252746,-0.1577799038610932,0.32702269935262085,setosa
-2.8065623386915326,0.22571542335238615,0.2329534003797872,setosa
-2.787839487448505,1.109501755082114,0.4715486213562792,setosa
-2.661333259246361,-0.02891961248245778,-0.22531097729373217,setosa
-2.5791761141562426,0.4634245477893053,-0.07839380425400194,setosa
-2.5940382979245196,0.258271224271053,0.03769928038684337,setosa
-2.814867508110761,-0.5064148415481524,0.09901498629912217,setosa
-3.0499575681958584,-0.6550262776653266,-0.12842959945794188,setosa
-2.772347316124118,0.09673700439823385,-0.17185452169533905,setosa
-2.749482933898058,0.3430763601582285,-0.25391745149119616,setosa
-2.758909207003497,0.21633662971153722,0.2691202091123382,setosa
-2.671109403973171,0.09521816767913904,-0.041581457294565305,setosa
-2.4662537937749467,0.3725304574043333,0.1298392949554213,setosa
-2.6811055514350786,0.5636044884986733,0.3879313930892309,setosa
-2.782053534421571,0.3085273121485521,0.13171559193711688,setosa
-2.660947718296961,0.5149531450497706,-0.06169167760582353,setosa
-2.7892825041920224,-0.08423084066660103,0.00554423578971934,setosa
-2.7294860659890867,-0.33591634200713383,0.09417459292867458,setosa
-3.216247700098696,-0.3965106041919304,-0.0538635327307902,setosa
-2.4724578734409097,0.6112605177236992,0.400179228712822,setosa
-2.4681622222208817,0.7867983187155669,0.04809858930695329,setosa
-2.998612471478348,-0.32574777365116603,0.06908854711121734,setosa
-2.7451594012524043,0.36472603878665044,-0.29865442212126164,setosa
-2.8540261341347732,0.2674318809802392,0.05682958310798431,setosa
-2.52948254591244,0.47220949747863994,0.10722157959709483,setosa
-2.5502381533415837,0.48565871422667595,0.05522403890895032,setosa
-2.8630992345871276,-0.14273113879894073,0.18772000334587113,setosa
-2.511264167989666,0.18312137845639498,-0.2303553999053934,setosa
-2.6410637364047695,0.2753053605551923,0.20605501856666228,setosa
-2.344199042383512,0.1151662118263932,-0.002476786923083993,setosa
-2.7739254374180042,0.3755479622340392,0.1682530445955593,setosa
-2.735487179744952,0.07970700419198629,-0.06863187935927323,setosa
-3.19101625781697,-0.4810594122559202,0.013208474151208863,setosa
-2.6327124138991578,0.4146533027760091,0.3881215713905648,setosa
-2.770791019705892,0.014809736234374427,-0.2682853786361087,setosa
-2.6470567181602487,1.011239019282466,0.3597682153217447,setosa
-3.0495325098870496,-0.2753340895857592,0.11758983208316962,setosa
-2.7544132830232533,-0.11141856847968601,-0.050378868634857854,setosa
-2.7471132250152897,-0.002614241391782457,-0.018438698305268245,setosa
-2.540588976490755,0.527903755657932,0.1197410660813108,setosa
-2.526331276331244,-0.050892727299977736,-0.21531789904162502,setosa
-2.4998763333420477,1.110331194386493,-0.058432612978220666,setosa
-2.7937180914942568,0.13642336720872894,0.13163768858895442,setosa
-2.535974868276364,0.45469421780884467,0.03739905804868857,setosa
-2.65649372833356,0.5504846833575501,-0.05625348228896074,setosa
-2.633867207395071,0.11040894043321092,-0.006909250646263382,setosa
-2.579353249781876,0.460064557067108,0.09121221521083857,setosa
-2.9432998146093006,-0.46192637049766727,-0.11638701146789573,setosa
-2.9031457939084806,-0.20719687839730216,0.2644402902161498,setosa
-2.958403310584463,-0.6592906135937122,0.1867566341078279,setosa
-2.6417130257726833,0.07724914914901326,-0.21762256059094565,setosa
-2.5595219914253162,0.6095829375691029,0.21478072115349714,setosa
-2.682470086259775,0.1473759503034966,0.0033198143162700977,setosa
-3.1302686233777064,-0.5545026211497284,-0.014082470609485268,setosa
-2.534139622968719,0.6803083304219619,0.17868276682179113,setosa
-2.8451364643911794,-0.0970797024666803,-0.027143608840501807,setosa
-2.5855360492440367,0.5528933674087195,0.11659587199704127,setosa
-2.8319332746791943,-0.2807408891614873,-0.13000844566653738,setosa
-2.384513180772157,0.6926732493478642,-0.31139979680659907,setosa
-2.991315606969345,-0.15115856914304437,0.013405333311666809,setosa
-3.05216783973707,-0.1591986680225217,0.04654568351482819,setosa
-2.5372425283387003,-0.043448120279925284,-0.1687882204594499,setosa
-2.6164219856951894,-0.09674853194320754,-0.4689759435395767,setosa
-2.2413091208601346,0.32141266036581495,0.4238615002528387,setosa
-2.674620427978919,0.2764876607591811,0.38999420773887694,setosa
-3.1393282298391703,0.11128107898428041,0.3072564477026028,setosa
-2.481569894129897,-0.0455984062728092,-0.019994810201780622,setosa
-2.811446388675141,0.08614613110952174,0.01960646949498527,setosa
-2.8660560012697327,-0.31197607198475374,0.1522429283128179,setosa
-2.737518672953653,0.09455998217470984,0.006828064754646951,setosa
-2.722445270092112,0.3763932469700162,0.1303552666152732,setosa
-2.809212741466186,-0.18801542324316856,-0.3815128193047636,setosa
-2.8390877386716418,0.2159487409608758,0.14876572863099297,setosa
-2.6182069415072378,0.1503519640928408,-0.19124801265115765,setosa
-2.336593437614602,0.4462583543096823,0.44822228539244297,setosa
-2.5987565430190065,0.7705120786973012,0.14086426214294556,setosa
-2.5773960096048256,0.5538155389803654,0.3419250307554899,setosa
-2.6469581569313947,0.4164838663304975,0.07208732352941932,setosa
-2.544578356280788,0.2872689551356915,-0.14384950469820443,setosa
-2.823433286405049,0.09534433651526442,0.11002472395878996,setosa
-2.711438814733995,1.0125042056901359,-0.12740575027797393,setosa
-2.7535339776798153,0.3066838376098344,0.08579414283664956,setosa
-2.3964987856935003,1.0253450479370194,-0.04430614364522614,setosa
-2.5520088336472124,0.31555617528221447,0.14397618318901095,setosa
-2.8345184080747403,-0.2359973985346846,0.1971528914417124,setosa
-2.605929632587825,1.2188203834815123,-0.155198366907126,setosa
-3.012810316421736,-0.4648194654078104,-0.057544661221940324,setosa
-2.9263242778217875,-0.6421801260525282,-0.049683806683195414,setosa
-2.5631466063880977,0.10373913130125523,-0.12970475425112882,setosa
-3.0557234413495973,-0.5028155917723023,-0.1735461801736582,setosa
-2.684141601565556,1.0197526926048077,0.39717281571801916,setosa
-2.478738388280094,0.590936008960667,0.03506068862381813,setosa
-2.4199429198420455,-0.1215540899184635,-0.49768468234793406,setosa
-2.9543385153914605,-0.17537067281845165,-0.10577324577127944,setosa
-2.5287991672765666,0.564105521849795,0.03398856789414399,setosa
-2.572483776452457,0.6060661299623327,0.16727706257854008,setosa
-3.1491972444827003,-0.035745809595992384,0.30857390175552313,setosa
-2.808069502185153,0.24898806242653038,0.07220669115525918,setosa
-2.7404468680467344,-0.09534300745894075,-0.16916351481695685,setosa
-2.5311352454487683,0.13121414630451422,0.25901453013630005,setosa
-2.6833401897094653,0.5808618707705007,-0.08296328464614261,setosa
-2.3129661553348004,0.16392418887931548,-0.16424782916974312,setosa
-2.7922950867399616,-0.30930094861469204,-0.1588003703256317,setosa
-2.7868651108811444,0.02908887348248257,0.037494939465959665,setosa
-2.7200949894410917,-0.06177239200259965,-0.05113965599305215,setosa
-2.6116688159552433,0.38289313664860636,0.03328736573206281,setosa
-2.7267243853993817,-0.29781067154144925,0.1323235413976539,setosa
-3.222703319435873,-0.8378690812463789,0.06819502177423845,setosa
-2.72055165256999,0.8224190104987557,0.45016825744485983,setosa
-2.5476896655631402,0.38248893448155297,0.17531154168707302,setosa
-2.690453006936575,0.13682790240173137,-0.27367273465920317,setosa
-2.7086156999944255,-0.21333875031312832,-0.19797540222308047,setosa
-2.225167226861126,0.9918489421550181,-0.11633136487901843,setosa
-2.5036207265275117,0.6833941669555168,-0.13728790050638626,setosa
-2.717638603429142,0.0286017524362272,0.31524459214244277,setosa
-2.7936075870665955,0.19906518920788674,0.016872591347679752,setosa
-2.716082622404079,0.33386781899669415,-0.2611734855637168,setosa
-2.5739289513067254,0.4300113065035722,-0.0664085247941299,setosa
-2.7075531587157733,0.2226124831309919,-0.21658390475361888,setosa
-3.004410469436514,-0.39488954195463233,0.14894765025161388,setosa
-2.885494068138393,-0.20807856682502557,0.24052684259296683,setosa
-3.161548669633026,-0.48001046017918103,0.0833072969918561,setosa
-2.8325737856424387,0.0032500085521949273,-0.14882865643232968,setosa
-2.620592569166468,0.6740847695406718,-0.29196574828576327,setosa
-2.6716616875783155,0.5103281028787494,0.10391244196131397,setosa
-2.7457733781172586,0.5017175417466238,0.14645259582102907,setosa
-2.206045881801993,0.47297523957459653,-0.3675811643925376,setosa
-2.7832206010010845,0.24494675046853231,-0.07633332633206508,setosa
-2.7284776973057254,0.2833705477573991,0.0009133283728729735,setosa
-2.4339787418267473,0.5364584127845129,0.1394869428727415,setosa
-2.4713785382659808,0.6436217854268689,-0.12768433361562243,setosa
-2.8575643099383714,0.19282922897079757,0.25570527805446275,setosa
-2.6519308571990186,0.4997497726300102,0.033517826956712175,setosa
-3.2864149189023415,-0.5148074594827019,-0.023626726945836313,setosa
-2.7204029908187572,-0.23592744726542936,-0.43250217722546025,setosa
-2.811971622214859,0.5444089751127175,0.3107422071101126,setosa
-3.0693001455886813,-0.777127251703237,-0.07507884914442392,setosa
-2.8078729675957566,-0.13753761964214917,0.015885301063722934,setosa
-2.7282273779786386,0.37034401802021577,-0.24411160576555618,setosa
-2.3345889939081648,1.1117479209883427,0.21124459137032028,setosa
-2.9088308328222654,-0.26182958483416563,0.19213791536174304,setosa
-3.0393148434031105,-0.2488043252598029,0.04639829369486103,setosa
-2.702738000336475,0.5029266891899029,0.21274052636987922,setosa
-2.8517093343067175,-0.05381018127942827,0.09064192654526833,setosa
-2.6860884791670308,-0.04100722299783488,0.014029956329274201,setosa
-2.5921485927700787,0.8779865425558881,0.39818210243174035,setosa
-2.6480124592400727,-0.3894134093544208,-0.39598735844721134,setosa
-3.392425701500131,-0.6696140396670929,-0.07410916215399882,setosa
-2.19057754301325,0.7366090039352473,0.12494727002460114,setosa
-2.5255449858334016,0.635327957902839,0.17170487587010366,setosa
-2.724695890916096,0.5099470037675458,0.07710449886724015,setosa
-2.6701930013818935,-0.023342116392814027,-0.3721838720732928,setosa
-2.582383939048176,0.22485826162833877,0.006134289968705145,setosa
-2.3626551792982693,0.6540539219151729,0.5376895741967203,setosa
-3.1594390834894313,-0.5075154788863969,-0.14236432330271184,setosa
-2.5567879980508548,0.8349070528047653,0.06932619810827291,setosa
-3.177272659908211,-0.38039793850922976,0.24968810255397098,setosa
-2.6527577343864666,0.16992709631645653,-0.18515123482323798,setosa
-2.977005521850296,0.11032686181607954,0.11617027899447172,setosa
-2.8642849325433404,-0.07521288822723093,0.3109711785559581,setosa
-2.950390913930338,-0.4125876737694325,0.2524296827191169,setosa
-2.5224023636564654,0.3252585705037445,-0.1649447930117674,setosa
-2.674101580873959,0.6732900250613927,-0.09226420968348562,setosa
-2.6683243482788854,-0.368505560030032,-0.2137006031036105,setosa
-2.6053588544067185,0.1570118271206713,-0.11660264096406689,setosa
-2.5714662362696616,0.14758972913996704,-0.14803151279120763,setosa
-2.480734462016148,0.250580346540592,0.1761023762874348,setosa
-2.933579528944276,0.11011285871952481,0.09133589856482272,setosa
-2.6676979386251998,-0.2922156604048878,-0.13547738869497886,setosa
-2.9796671628835023,0.16565725728806946,0.02450405694955108,setosa
-2.75778361700976,-0.13136518897911387,-0.12355708274515437,setosa
-2.473760520795513,0.5064807341746889,-0.16030527148495027,setosa
-2.635273777969032,-0.15525209754886404,-0.15364168808287998,setosa
-2.4514405574121945,1.0010560357185314,0.32841199599869025,setosa
-2.352043990878474,0.7594342497539168,0.3025768461635666,setosa
-2.540964124470266,0.9463736815797406,0.09562894587234927,setosa
-2.826707290301055,0.04446635581643399,0.21399124249224735,setosa
-2.6034400967640314,0.6433408198913586,0.3875281365993659,setosa
-2.530095432870413,1.2307315745151977,0.5390118212325689,setosa
-2.6644625822059522,0.6002707189583258,0.19392290394969403,setosa
-2.5691576023839793,0.6501476886584818,0.13995718891105757,setosa
-3.1220394812605807,-0.648009173935284,0.0010667559240525315,setosa
-2.5764264399753176,0.5058828673967151,0.053846330550988836,setosa
-2.5473474299886396,-0.08879914514580989,-0.3734983573275454,setosa
-2.3165264427023997,0.4322638180146603,0.11788231233137808,setosa
-3.203054290894303,-0.23666734344273177,0.3627981776210237,setosa
-2.6692631778273266,0.4801903399110339,-0.27983096253563017,setosa
-3.1828329620843663,-0.03758967378637834,0.39396480496411557,setosa
-2.675617270589058,0.4890718443842026,0.08912591435262468,setosa
-2.834739445634885,-0.12014629928151521,0.10711812795435682,setosa
-2.3551352202876306,0.2058904720592416,0.2367882824139649,setosa
-2.8972213089730556,-0.19170966262038025,-0.34782782015286123,setosa
-2.69193044226968,0.6708117227669188,0.10125525740453781,setosa
-2.5319007798379825,0.1638226643313203,-0.13680702068952993,setosa
-2.6282825964585492,0.004944936119339438,-0.12856999673911573,setosa
-2.709483966526857,-0.23085712982187268,-0.09042762331790244,setosa
-2.667730967254263,-0.046885609506762016,0.04442737943781331,setosa
-2.8779332978334535,0.9500419139797316,0.16694925826307327,setosa
-3.078793909957113,-0.40640937645444897,0.021532945296218783,setosa
-3.1238062578898296,-0.66041396433614,-0.017102908753980475,setosa
-2.790147411719933,0.10693096806245173,0.0048906381157346746,setosa
-2.7740649948970755,-0.277202987715941,0.15524609786725196,setosa
-2.1840977809844304,0.41735122227568944,0.2372053440941216,setosa
-3.1072781196906587,-0.4901330683909446,0.3496670526396165,setosa
-2.540584067257315,0.4316382353928203,0.044948304574252654,setosa
-2.676194796047192,0.651159314055965,-0.036756104853057525,setosa
-2.5744995450950783,0.409546581640706,-0.015764208120463252,setosa
-3.1274292003145843,-0.4447362293078134,-0.003684568680621253,setosa
-2.477347450357418,0.16508520590275122,0.49285231795619816,setosa
-2.859181876127229,0.3661792823316823,0.2967817977989238,setosa
-2.8292457740935375,0.3198227207375641,0.0018064362188242311,setosa
-2.517311673365077,0.4632080021398357,-0.012958423986087042,setosa
-2.629486050671647,-0.02198576290035259,-0.048512770296342794,setosa
-2.575438210264287,0.08571664030984927,-0.24596750516287702,setosa
-2.45022683310148,0.24036671492820716,0.07924266017793803,setosa
-2.7289004079674024,0.5458019543142276,0.5207003696284338,setosa
-2.76848083559129,0.2124219872499804,0.0531119381382609,setosa
-2.4177551535227626,0.5618755278253085,0.05337507198865267,setosa
-2.4699760023688087,0.05650512836595656,-0.26477726536957596,setosa
-2.650324938266163,-0.08494769698957327,0.030323841650514993,setosa
-2.7047161610013846,0.8628723453189462,0.134899424349723,setosa
-2.8055468003683934,0.667273710312724,-0.09623720369820227,setosa
-2.6300966392639946,0.8060466385109022,0.5920819174877344,setosa
-2.7943184772162613,-0.4564983683172983,-0.07050980358962985,setosa
-2.788610909049726,-0.1957865879986791,0.4697075656542849,setosa
-2.7793923742870867,0.36592518574287247,-0.06078064607504968,setosa
-2.535015375097254,0.5042164349767697,0.05804857603272179,setosa
-2.5890274742753117,0.19812737251453427,-0.12094053316148318,setosa
-2.8590485212533263,0.06822670589839142,0.22378201888567667,setosa
-2.607396224446633,0.6730670010910051,0.3714620413696091,setosa
-2.647159601317395,0.1757796151993185,0.21907738667696852,setosa
-2.5393420082007467,1.0924581733541663,0.03596831651857803,setosa
-2.546219779036112,0.35168122227277365,-0.16079143918385158,setosa
-2.6245672363109747,-0.06797460435229308,0.07582622704658847,setosa
-2.8111746679614718,-0.39330530573627165,-0.11412771811085246,setosa
-2.390108543831346,0.25149463560812,-0.27303757829494457,setosa
-2.565430737303032,-0.1281442454017494,-0.27133730237450226,setosa
-2.4442441501484407,0.5331878192624355,-0.2249233851690698,setosa
-2.8245127720307446,0.0011460157294660434,-0.02204778363750376,setosa
-2.320104423116912,-0.05559512653425003,0.08981152417812174,setosa
-2.6959173674429935,0.38204416211212244,-0.19973169412850628,setosa
-2.871013715290354,0.3010648787630421,-0.28572345950443623,setosa
-2.5825475180361095,-0.08780008673849249,0.11505773816963805,setosa
-2.712252529504836,0.4862026645087685,0.2518991189818385,setosa
-2.531199737986347,-0.19393890129172497,-0.18765223761009825,setosa
-2.431175477118513,1.0190855623168904,-0.04071666363076089,setosa
-2.6488680729594405,-0.24954764141318275,-0.2941930665292625,setosa
-2.610899620818374,0.6255342279621479,-0.3744310278588248,setosa
-2.5610970702341715,0.03727651143709387,-0.001548486802248561,setosa
-2.923903137085624,-0.253519578852587,0.12154591493708344,setosa
-2.9359886253123713,-0.13192693070835837,0.19595601477226487,setosa
-2.5560434134174854,0.7736344626067764,0.3343304160376491,setosa
-2.766824111195802,0.29059142983685593,0.1506442021447516,setosa
-2.632276015599372,0.5380034850739301,0.19839913701976086,setosa
-2.735971476133587,0.09725907720519711,-0.06831048451645702,setosa
-2.6679349874397635,0.18106655662547144,-0.12743320016489776,setosa
-2.5758502992405425,0.9232061718858784,-0.04950502602373599,setosa
-2.7320720394361335,0.2372554830864022,0.19338212187758524,setosa
-2.7577441715516255,0.6975911689607752,0.15959805225232904,setosa
-2.751595879046174,0.16190119062764552,0.07995554538253417,setosa
-2.807370555234295,0.24715464500058815,-0.01332670845848255,setosa
-2.8948799136962933,-0.4216660559439065,-0.13097725760280016,setosa
-2.809937130280743,-0.29305465616172466,0.21504136141268682,setosa
-2.483467477975207,0.7359231592126694,0.018245077264836103,setosa
-2.71099684134613,0.5680827708978979,-0.03439435503097801,setosa
-2.2521568908458,1.0303490363179986,-0.22414491172978512,setosa
-2.7204498633370253,-0.25873590071479935,-0.33646118907529227,setosa
-2.758923827734229,-0.18512316426207853,-0.3097043599166883,setosa
-2.7634522849531837,-0.23563362512862085,-0.36602297306370063,setosa
-2.757666171657853,0.14083258865068427,-0.011419777913249954,setosa
-2.5618818824043683,0.039247045123921076,-0.15440764349759317,setosa
-2.7542039646203853,0.3545198434009986,0.2782934324350417,setosa
-2.512722296273803,1.2301038933750448,0.2052992444488108,setosa
-2.8055744681332806,0.22124926166594516,-0.01065178343633097,setosa
-2.567285065618113,0.3724294335166558,-0.06179433130447373,setosa
-2.231732252027781,0.777991913878294,0.17342748830325072,setosa
-2.341691963963572,0.23404816883786594,0.19051457631304647,setosa
-2.530124062995909,0.2866682105360674,0.07214823292922141,setosa
-3.0414445041827363,-0.4755111405668986,-0.2332414611536086,setosa
-2.4823544190485887,0.5338089894061495,-0.028307615650593324,setosa
-2.556023877652985,0.8993485987254006,-0.06777467326725375,setosa
-2.6668412987720864,0.12770331635834253,0.03229443551627262,setosa
-2.7306080389947835,0.3155418166999633,0.21950781303258715,setosa
-3.0667706683532363,-0.423750713844421,0.17920441878359616,setosa
-2.563759615092015,0.5592894120036993,-0.03828562457048984,setosa
-2.7324917070496157,0.37206495914038484,0.14085647733754775,setosa
-2.805253935688497,0.24981666804464187,0.024586138854014603,setosa
-2.7363308800966624,-0.32888641659409945,-0.08173492776226718,setosa
-3.274310031148668,-0.30279032695283803,-0.0006281089566678583,setosa
-2.8727923133724667,-0.06576509025482924,-0.13643780677868622,setosa
-2.7242906498229633,0.0070080561464775926,-0.3254542283601485,setosa
-2.4409588213162507,0.1150957816042304,0.09112906101859988,setosa
-2.6480533958279913,0.7747928151005361,-0.12104892722385524,setosa
-2.4455725698146997,0.49610070751786495,0.10138650560451919,setosa
-2.766769680053828,0.9258273787600588,0.05027835744664216,setosa
-2.6612989470631976,-0.34288422036243915,-0.2789164129227861,setosa
-2.942722998765422,-0.124001012668284,0.188164289276067,setosa
-2.757599900175823,-0.22624463069082346,0.005823863309886532,setosa
-2.5830926027334904,0.6319419558704045,0.3283113443242781,setosa
-2.8019815463577102,-0.17960092559070517,0.18596980923342576,setosa
-2.591099121993239,0.607532273523482,-0.16584235405572062,setosa
-2.5979525548002513,0.5864602930645528,-0.03629710701990954,setosa
-2.8696505663153453,-0.150286715810795,-0.09859343341397422,setosa
-2.6139347097145698,0.13273044047069238,0.21901122643309062,setosa
1.2551746430082584,0.6253540989185673,-0.3007723590191911,versicolor
0.8925705939194879,0.28314507681438617,-0.003823494836436625,versicolor
1.4175417976035032,0.4542063520808073,-0.2309381771540585,versicolor
0.16875677845594872,-0.8881762798521882,-0.21978539077170017,versicolor
1.0408148030072777,0.026058474915706675,-0.29845758161424885,versicolor
0.6162721325601268,-0.47697151557060735,0.04259774726592798,versicolor
1.0830269147883245,0.1806814236517571,0.18795411222794173,versicolor
-0.7902400734158315,-1.065521933143886,-0.05827699640902784,versicolor
1.0335904850499107,0.1654541035217667,-0.35615491564324103,versicolor
-0.033375697460067855,-0.796550717626384,0.18324365990209157,versicolor
-0.5234855740057034,-1.3102864415036102,-0.3745401066494324,versicolor
0.4604400024958739,-0.18688663263623173,0.14635762518876128,versicolor
0.2068457184339536,-0.5920140168148738,-0.7443228215160025,versicolor
0.9036669187794191,-0.15745500282681402,-0.011303809553067326,versicolor
-0.2077381392059614,-0.30809577622471185,0.03057484708319587,versicolor
0.8782421067024346,0.488969353137124,-0.2539960001842936,versicolor
0.6365171524309696,-0.44342112534846745,0.3276075895474306,versicolor
0.22304496347242164,-0.38332628134169333,-0.2664787098604151,versicolor
0.8965888372245505,-0.5459123616389006,-0.6105861510779019,versicolor
-0.015912359787360053,-0.6014638523468552,-0.3077136476706106,versicolor
1.0830097319081196,-0.20588470888532306,0.4656046890516004,versicolor
0.2950453234284698,-0.07559531540597231,-0.24049605575926852,versicolor
1.23026317868183,-0.3261508505747912,-0.36838616587678896,versicolor
0.8822791697942511,-0.25837643757148054,-0.1621816558165567,versicolor
0.642478506461865,0.14618341216678754,-0.30448011702540295,versicolor
0.8926833587534881,0.2643238162744579,-0.27972517009284026,versicolor
1.3129936301605412,0.23360142620593116,-0.46865238543867227,versicolor
1.5251233663498418,0.23346551157557105,-0.08880920800630382,versicolor
0.7657588816032073,-0.18596644857424938,0.023146132489528688,versicolor
-0.33007887288902005,-0.3884399531750171,-0.33840810435923574,versicolor
-0.0748472494669068,-0.7496203479731722,-0.287489030556418,versicolor
-0.24782652557456863,-0.6995311340930215,-0.370970446532668,versicolor
0.11426687218276754,-0.37206833439078135,-0.15202411668604782,versicolor
1.3635344708581485,-0.4637480395560445,0.03066967082288534,versicolor
0.56602349508334,-0.5714439012438088,0.431522164840845,versicolor
0.7502465626151862,0.1187324885579315,0.3937447266402989,versicolor
1.1870740702111426,0.3733067767633278,-0.18752303636682743,versicolor
0.7729095787200118,-0.32475401833071604,-0.6640959515281137,versicolor
0.20840129018313114,-0.38655647005297666,0.1936764337145494,versicolor
0.11440287588377185,-0.6848233485500979,-0.13868007909122354,versicolor
0.46739483956922534,-0.7420419204487674,-0.06078449986970308,versicolor
0.8649179471284629,-0.08271249169368122,0.040757669097303044,versicolor
0.2145155922620745,-0.45145985935535915,-0.27438622513662697,versicolor
-0.7509195111107632,-1.0423756849231678,-0.19510572202481313,versicolor
0.33161553008001654,-0.5595247560079732,0.004545234877092311,versicolor
0.28973056122004337,-0.30145902058574947,0.15604747526607748,versicolor
0.3352780829053019,-0.3952765209033622,0.09433318064186764,versicolor
0.6066266744297613,-0.0027409806995191133,-0.20220521993229762,versicolor
-0.9614277194620184,-0.816666108148091,-0.09969322376888454,versicolor
0.27978597203147526,-0.42222079920196975,-0.012702667689902067,versicolor
0.5247838252372716,-0.2731109266695215,0.17080483098477567,versicolor
-0.10171692100499552,-0.6664441501923193,-0.28387958779492406,versicolor
0.4476848285085282,-0.6743840110632586,-0.26619564166626625,versicolor
0.21345524817978667,-0.3071245512457148,-0.14990731973415422,versicolor
1.0818161117798608,0.510777017605121,-0.475560349701739,versicolor
0.7032743062279616,0.41902224990576364,-0.2511366512386974,versicolor
0.6124317982680898,-0.08282108452415304,0.01820221006825562,versicolor
0.25429827505547653,-0.8881646858401515,-0.02952309505561397,versicolor
1.2114842254482934,-0.39620831212898544,-0.91214709228002,versicolor
1.0365166484521868,0.04953561725966704,-0.48185849965187444,versicolor
0.016160723116501963,-0.537005148355445,0.10095747600031,versicolor
1.3226514836836145,0.5451743404711484,-0.08633612160221171,versicolor
0.12785015763015384,-0.19599610689375435,0.04849551780459854,versicolor
1.062230938626052,0.4650996809712744,-0.36145837095708105,versicolor
0.050109064640932566,-0.3112131576945032,0.1617140697215822,versicolor
0.6340103705170002,0.4072419297974603,0.329538643751661,versicolor
0.44453033616038606,-0.5678576190779063,-0.3349685935776349,versicolor
1.0990357400386062,0.27951623693644034,-0.10294079964622621,versicolor
0.553753070241692,-0.22459142503389806,-0.03263090631876964,versicolor
0.7995292755921621,-0.39973631088522854,0.36099580703516015,versicolor
0.40851583878261355,-0.3805192617754205,-0.14419917791540104,versicolor
0.7143904828087182,0.44043842512383247,-0.19661074604379541,versicolor
0.2106706791845525,-0.13560923019273208,-0.5997626106948928,versicolor
1.0608457987066595,0.11537444609407288,-0.0932110154401572,versicolor
0.9120137062591613,-0.1249135931659211,-0.6664139777528957,versicolor
1.1445231830293752,0.3878758787133689,-0.1303921644968935,versicolor
0.7616751109355198,0.089540500878031,-0.15257607288738884,versicolor
0.11825650995631865,-0.03635738208989281,-0.0475762410809501,versicolor
0.919539502358699,0.24931123288675128,0.0969129163794773,versicolor
0.32498487058114733,-0.6366759185167519,0.3150220799911801,versicolor
0.9503804522056223,-0.5063419429173868,-0.4541002600072004,versicolor
0.8459594329205569,0.37436352637596393,0.007688189333391229,versicolor
1.2492258493124684,0.37252262273266457,0.28887979503252814,versicolor
1.0233210655190863,-0.02875333723993645,0.2054353303721978,versicolor
0.1432581012049159,-0.7899827726441782,0.1270514843278005,versicolor
0.6745447501739044,0.21380539681345745,-0.03565326369994594,versicolor
1.4471577843179961,0.20480828566956344,0.005893891468601795,versicolor
0.5443989552671269,-0.10400696717946811,0.12954581193302028,versicolor
0.36896945086674116,-0.6120725476087152,0.33363456922387696,versicolor
0.36831027925881,-0.6793435478567886,0.342425405516404,versicolor
0.3320029804111133,-0.7362977723790758,0.14536449773935795,versicolor
0.9391819778336226,-0.015877793592149025,0.4279699762252401,versicolor
1.2731603648197094,-0.2003650803606929,-0.37093660960086766,versicolor
0.6415774974255468,-0.4955589613816418,0.1592706043570079,versicolor
0.48843620637478846,-0.20997829382359967,0.049206918907874146,versicolor
0.8808160012762638,0.18979165111289653,-0.04248142810395783,versicolor
1.3285506186701355,-0.4490954614407663,-0.13502547378467333,versicolor
0.12527774025764327,-0.6556180929098225,0.10289638703855682,versicolor
1.453259720272217,-0.16353784255564197,-0.29599301759985963,versicolor
-0.1226301920684083,-0.5923866174199732,-0.28549330588711347,versicolor
0.31525991421584365,-0.38413058227342933,-0.2462396554849713,versicolor
0.47660468316799065,0.061209421348403126,-0.06918702917905054,versicolor
0.8940792059096037,-0.25779250704856693,0.10327369773248131,versicolor
1.07271580444782,-0.5483912799353599,-0.22823502937201384,versicolor
-0.10377288791645967,-0.4399050448116242,-0.05108675083894648,versicolor
-0.14833537338964842,-0.7004688941606583,-0.37680967605774296,versicolor
0.9665893420772731,0.29023244313222474,-0.012144799949164467,versicolor
0.9832950101231699,0.351053837022798,-0.4736373603240781,versicolor
0.8452476389462555,0.1854824739453944,-0.024765121327239695,versicolor
0.2963775186616715,-0.7277975673269994,-0.09208605906996054,versicolor
-0.2579564455991292,-0.4822135918667394,-0.41962725817977486,versicolor
0.06425770999560587,-0.023325500510440023,-0.14398113791359893,versicolor
0.4436194892068315,-0.3838260586793556,0.009178759042818119,versicolor
0.2673995882937037,-0.7142576384968828,-0.2727015361732989,versicolor
-0.4469324388158693,-0.3225926041270979,-0.21924681689015285,versicolor
0.8391554921909288,-0.1210631485731053,-0.17615278169384352,versicolor
-0.16437328563332798,-0.2453025010898271,0.3570092191548566,versicolor
1.1774784775241312,0.22721524938194815,0.35752900352814365,versicolor
0.9252307053552,0.38017860532813597,-0.09884309573934011,versicolor
-0.9228383500950157,-0.5925152395670628,-0.38225988941860517,versicolor
0.8462690483002788,0.305318702508,0.13957643320188634,versicolor
0.19124006864401188,-0.3554989193100395,-0.5869857731414456,versicolor
1.5852556099329052,0.3940638695891794,-0.20391555702606357,versicolor
0.9934871904206313,-0.4242777717846167,0.5182636666034149,versicolor
1.0382672770262777,-0.09622828347179002,0.14977983572180198,versicolor
0.9445290297888711,-0.017692022022833598,-0.2734980878155681,versicolor
-0.5401537558198335,-1.117614427277628,-0.14821848955050687,versicolor
0.2124612480439687,-0.7995079364051572,-0.22481568780177918,versicolor
1.123549969509046,0.4562149090247889,-0.5972567599447905,versicolor
0.07421695385689198,-0.6452142622269408,0.03289754676339425,versicolor
0.7795151760846446,0.043572441946325924,-0.28232359875807517,versicolor
0.8203611584892974,-0.6080761617987624,0.3381396854511419,versicolor
0.05414993023986803,-0.390084982680432,0.04367256185455536,versicolor
0.5211500095070702,-0.18355215256395407,-0.25532238002685353,versicolor
1.4487962422898928,-0.18110366248213516,-0.5276192997702578,versicolor
0.5835458134155207,-0.1451819953707325,-0.16250918549032262,versicolor
1.0829804014228346,-0.2578270951980368,0.2277864484803618,versicolor
0.0039909929269361655,-0.26636711291585513,-0.2621231916436787,versicolor
0.0698951369457177,-0.6973445837002545,-0.08478162824273924,versicolor
1.619741026463438,0.6062707549121562,-0.3484370380965824,versicolor
-0.11973437976327173,-0.7189122337614595,0.17461665271502064,versicolor
0.5075641964153599,-0.7653455994658112,-0.18593880752178205,versicolor
1.069372282556742,-0.5300085833616359,0.2566842702784753,versicolor
0.014253650689103559,-0.4610133179536522,-0.07111481183765406,versicolor
-0.37248584784776284,-0.8820065854761534,-0.37884276953399576,versicolor
1.8742692258816325,0.3813432119420179,-0.425907281312902,versicolor
0.30818646941926797,-0.4530621722396928,0.07871285574163984,versicolor
0.9917200059202598,0.1298996864182218,-0.01657528437389312,versicolor
1.050588264401834,0.33733801332150115,0.01804102073547996,versicolor
1.1414529758405019,-0.40664530073770777,-0.2819943100432749,versicolor
0.08404991131479456,-0.6361028331352765,-0.056087372445222605,versicolor
-0.4826407377912485,-0.6542052258923716,-0.4116417851711138,versicolor
0.9434899279510995,-0.17023137080472495,-0.7639164835480251,versicolor
0.045897004020714505,-0.6751576900462659,-0.24612603360232416,versicolor
1.2066045985622376,0.3836607354841979,-0.5941882594510507,versicolor
-0.23729520959728312,-0.6127639520570103,-0.010572460312957763,versicolor
0.0713799216373543,-0.8648592435735285,0.26798615651701924,versicolor
0.4449253645655453,-0.76544603339193,0.07071470451276307,versicolor
0.2601725783127842,0.19194261197626794,0.10357727440382036,versicolor
0.024646931274578066,-0.36731259765407387,-0.025756026793004316,versicolor
1.436919046895432,0.57013810630328,-0.40997892654333234,versicolor
1.151445823397025,0.6045050640968963,-0.011803602554965029,versicolor
1.1748253183896233,-0.20495225818360208,0.4757977324346769,versicolor
0.7308983170931622,0.020296592024583227,0.14355549335108592,versicolor
-0.0594774861202092,-0.16096412829864626,-0.6667295814009446,versicolor
-0.3861418648027044,-1.0132858183286224,-0.53934598726387,versicolor
-0.6761773130313715,-0.7664471532157613,-0.1426042731723911,versicolor
1.23154439594503,0.5861885833343159,-0.23875737018151227,versicolor
0.997929272253538,-0.7432626358043626,-0.2516617830366958,versicolor
0.7812510633083871,0.6403678578370791,-0.6016327674661692,versicolor
0.3371392509753699,-0.17551802701205688,0.00875856836834854,versicolor
0.9269913529700462,0.6192293023480753,-0.4150628944940046,versicolor
0.47882725706078766,-0.1929212787436958,-0.12745516949851793,versicolor
0.4347287840750269,-0.9712073701021717,-0.22679023133172616,versicolor
1.5772882138114728,0.31829311056641707,0.04298737875081093,versicolor
-0.7380885338628458,-0.9684279748950315,-0.07531659975625235,versicolor
0.8176534626479928,-0.3188324951163004,-0.6711095066300007,versicolor
-0.11666006945047247,-0.6363385744150971,-0.5472237987130071,versicolor
1.0076963472133373,0.4230821109068392,-0.12628586049420165,versicolor
1.150660816453282,-0.15035017808777607,-0.2725270449629559,versicolor
0.9586624888858326,-0.1134295941037049,0.6026002953590683,versicolor
0.8916549734069035,-0.3679489405423908,-0.06852127628922289,versicolor
-0.7572838307736589,-0.9978763447810488,-0.17735669687276262,versicolor
0.1220624303327682,-0.3292624415422658,-0.05663339998193845,versicolor
1.2934305978387197,0.3273425186407817,-0.13411580682770807,versicolor
1.1284090005548686,0.13495731489484886,-0.2119805922900459,versicolor
1.1437837943177867,0.20682435717340653,-0.3097668811378412,versicolor
0.9223182348281984,-0.02109691060986485,-0.5333358901238666,versicolor
1.1448389711831162,0.06367841755022408,-0.20031032985883818,versicolor
0.9418933407860735,0.514143464940827,-0.288333584486161,versicolor
1.054782704439579,-0.3245575019385738,-0.10095072028822522,versicolor
0.7598819306451254,0.1957195982652955,-0.22804987657588638,versicolor
0.9257325000172019,0.3619993301276798,0.10317215335957465,versicolor
-0.6652331973372476,-0.5701914233269845,-0.1890898707280103,versicolor
1.3561650116423305,-0.0779444405101053,-0.38902041729499814,versicolor
1.2534423577177627,0.11968701046887009,0.6069535685683638,versicolor
0.02096485773958623,-0.44464695630192086,-0.5691997138859186,versicolor
0.9378686426926519,0.11794108764231304,-0.5145718555387032,versicolor
1.0635533786023466,-0.6563211545123835,-0.33046983214072023,versicolor
0.11222863226020241,-0.533440989632167,-0.17972637738370584,versicolor
0.6533893349802433,-0.23080241228992815,0.003957660275142605,versicolor
1.1330314700483415,0.7182689846040473,-0.456510584423958,versicolor
1.5030490359753745,-0.2856752202852988,-0.3044534928898112,versicolor
0.2365870595855375,-0.04109957222320837,-0.5221389342499112,versicolor
0.9989261154268414,-0.23235136596441475,0.03333059880060245,versicolor
1.0114807731620834,0.15249541897747498,-0.2674399199127124,versicolor
-0.08974342366169186,-0.48398708246068,-0.5598160978969541,versicolor
0.7269960373582247,-0.13822769853712735,-0.32822112681262844,versicolor
0.10800552759181148,-0.3949939575098549,0.05897371419361947,versicolor
0.47878087124157087,-0.5079381388492568,-0.6533886181181333,versicolor
-0.4044500495804835,-1.0327317385028811,-0.7031807792761062,versicolor
0.26462027319305736,-0.5438404622198556,-0.01367332145475747,versicolor
-0.19393122534413543,-0.5039030526688766,-0.215780942821584,versicolor
1.235836716865359,0.3119114528368998,-0.1630716750383142,versicolor
0.6295298108237297,-0.5076662398451832,0.4784969816815908,versicolor
0.7129038800870164,-0.29778096190887204,-0.4581446053461157,versicolor
0.6801178063323832,-0.4823949376384826,-0.08274940982064921,versicolor
0.1526814967677197,-0.261156046036624,-0.019498251188438245,versicolor
0.48771608675288114,-0.029004527723883733,-0.439382169606342,versicolor
0.21427128076661006,-0.3445555791064052,-0.051218851069289306,versicolor
0.8586325517606594,-0.24790622344308844,0.06999684848526189,versicolor
-0.4050270648719101,-0.5010118276839446,-0.2412112920037527,versicolor
1.015531097511957,-0.42670283460322267,-0.46298238734715336,versicolor
0.4103038718695702,-0.39525643062800686,0.41852306268169204,versicolor
0.733512337471395,-0.43229828977438345,0.15586687246967557,versicolor
0.6711241846646097,-0.03762986537314017,0.09541088691908879,versicolor
-0.13893023003724458,-0.365990860653584,0.00504501023465781,versicolor
1.052698458427261,-0.40289906917275964,-0.4733580128250815,versicolor
0.6906556023487118,0.016909029142691878,0.47370149864227357,versicolor
1.1255794252266123,0.31502059273619487,-0.06827497081207681,versicolor
0.35162378782463577,-0.19875074022831285,0.4580215284841625,versicolor
0.8058413769274075,0.43693840764357716,-0.32215371272884286,versicolor
0.8251711997747435,0.18893599794560512,-0.45680910778284767,versicolor
0.564620492779075,-0.3824664160061655,-0.5554322825463751,versicolor
0.6256921404135882,0.08430976605063645,-0.31531556964105173,versicolor
1.1447656570444158,0.008480444975192292,-0.5315145048828677,versicolor
0.18774641247438417,-0.1464411214516561,-0.3596965538638913,versicolor
0.9844763809139261,-0.24370337952917964,-0.1349992706933502,versicolor
0.010938291953265455,-0.6202018826890399,-0.22750339147603665,versicolor
0.9758693689625852,-0.17077844263317754,-0.028097607701731406,versicolor
-0.8681405107054871,-0.7867694524518276,-0.3347063266658118,versicolor
-0.03782036930566868,-0.27864213398132076,-0.5251314102620488,versicolor
0.9752047147445335,0.1503332603295391,-0.26535853549311894,versicolor
0.6658299550864415,-0.06035539994330996,0.05572639834778399,versicolor
0.9509769542647692,0.019134604113247633,0.1082820213565977,versicolor
1.689855559127576,0.5412117286483129,-0.13703509839867586,versicolor
-1.181041984430255,-1.0254309741816519,0.0898835481644888,versicolor
-0.6580375440105275,-1.2330355350708064,-0.011684186145397402,versicolor
0.9360485622244346,-0.4806911241563494,-0.05987551611275632,versicolor
0.18916880878368403,-0.6029288269530024,-0.36853128796352763,versicolor
0.5261353826012769,-0.01918135136527077,0.03080660978574546,versicolor
0.009706081194726934,-0.26769669750215463,-0.08029579156248395,versicolor
0.3128012878110775,-0.30278908412495653,-0.19817434537821682,versicolor
0.8252015158035695,-0.10333744459861105,-0.44017479998769327,versicolor
0.08807577121637067,-0.6115068091527318,-0.04392088084377682,versicolor
1.1171945833755856,-0.581872633150426,-0.3890993702051485,versicolor
0.1429477382516522,-0.3718985281888507,-0.1961085021661476,versicolor
1.2453739315375643,0.41707146689253705,0.019483899837101533,versicolor
1.1465386351525062,-0.47540214517061763,-0.3955862914653712,versicolor
0.3863566980273747,-0.5808728759224273,-0.009104945008890239,versicolor
0.4567620842572886,-0.5554624068369165,0.25886224233916144,versicolor
0.7556976969318621,0.008249264343239027,0.0047126475058583694,versicolor
1.1964483960593126,0.29903850836774293,-0.34390218660483296,versicolor
-0.3281457759667763,-0.25756816601272536,-0.3061360058401782,versicolor
0.3998145278684122,-0.6943369422492376,0.10312882756165505,versicolor
1.3020948747150527,0.5160732651832172,-0.18167536694159275,versicolor
0.3276978849317782,-0.9223765856657558,-0.26493882237144667,versicolor
0.9612659031966011,-0.20495913488151452,0.06659949441208164,versicolor
0.6621159422661034,0.005675412918583866,-0.3052533853702003,versicolor
1.0750006742449951,-0.33416002052001836,0.03841728363402906,versicolor
0.3819724023236617,-0.7130556159617969,-0.38838376811779807,versicolor
1.1205668278701175,0.16441912037560957,-0.37047301601840454,versicolor
1.3592680819547072,0.19678162238482955,-0.22149827917310583,versicolor
0.7526928579635461,0.036828824110240355,-0.09059268408966292,versicolor
0.27797012625075546,-0.3142251311409954,-0.056577658638655326,versicolor
-0.40615804556097235,-0.6678116731268426,-0.042027787147334,versicolor
0.32227084571473075,0.02536346996814398,-0.24621987595738987,versicolor
0.6525813326613834,-0.08578030818698235,0.13473072892559323,versicolor
1.2370383828795388,0.638964268629068,0.13591815884834496,versicolor
0.7666441655102814,-0.05634700218644095,-0.16622746253100457,versicolor
0.04965791862730562,-0.2360193392453045,0.3225018083864408,versicolor
0.7749299261481175,-0.049934668125263926,-0.18007383246851782,versicolor
-1.1059310540740954,-0.79526787030413,-0.3283146090023118,versicolor
0.9069764351891942,0.08232087705481916,-0.028882430551896668,versicolor
-0.5698640414971861,-1.2549589782362034,-0.2446242156877288,versicolor
-0.3491835895574358,-0.5476212819935631,-0.4005886039353186,versicolor
-0.927405362875934,-0.7043016691135611,0.047346285695353096,versicolor
0.3438023214038406,-0.7465684552445957,-0.2503957862574118,versicolor
0.020630301408408158,-0.5049504917965502,0.3474082636335024,versicolor
0.5081997062303714,-0.05018660957004073,-0.1448838123317715,versicolor
0.5898279135519386,-0.12692262248700725,-0.36642988073513577,versicolor
0.10094175081134882,-0.7182936410889678,-0.4255953675186245,versicolor
0.48630724071778797,-0.4258304957422627,0.4307828016052118,versicolor
0.21670978877573077,-0.6516021805930929,-0.06839966365594272,versicolor
0.7816327287230651,0.061912670109247614,0.004349210698691194,versicolor
0.1090208366362555,-0.28964656557965185,0.20849076325995053,versicolor
0.3165441589092808,-0.5355365449075276,0.18271319659670315,versicolor
-0.3306245120758877,-0.7333190745021678,-0.16093422047053915,versicolor
1.532043955576329,0.7775161144801048,-0.5411047014206866,versicolor
-0.0582266784901222,-0.22395324489589363,-0.5586653359367988,versicolor
0.9627783556531249,0.07355065389199211,0.33378185890996837,versicolor
0.4680175948387495,-0.3969863142888794,-0.10103414942017941,versicolor
0.7211199464651648,-0.19471742611610132,-0.09815034749158469,versicolor
0.9463338086169255,0.43835848005187295,-0.8087847567623581,versicolor
0.30617580478363227,0.010978535045069293,-0.07125689075177527,versicolor
-0.5408707889123692,-0.31216918382917935,0.2540186596146172,versicolor
1.042954088043401,0.0269039272860514,-0.29214354704149614,versicolor
-0.05605150177392915,-0.3596573986949565,-0.26885907550004595,versicolor
0.301990915974784,-0.006841292168994428,0.006915956238401244,versicolor
0.3115165909237412,-0.2797895956760357,-0.5917246995470745,versicolor
1.5219699438950585,0.8712699175892942,-0.4242119164516086,versicolor
0.22637013198383915,-0.08528145383682784,-0.3259276309789329,versicolor
-0.38786180341883636,-0.5822672744387427,-0.06698470123510392,versicolor
0.8571299757438249,-0.47772108578482,0.27648296536411054,versicolor
0.47920244879991447,-0.6398979353416001,-0.6395389219526939,versicolor
0.1523557391331698,-0.5297600508908547,-0.44405472118816103,versicolor
1.0667426164403606,0.4083326666891862,-0.635769617096251,versicolor
0.6678889499913057,-0.627144448402241,0.10638170622925032,versicolor
0.5236503612266672,-0.15064326872837697,0.08781975862481912,versicolor
0.2807876951702326,-0.4899357598406153,-0.1061920937806125,versicolor
1.2426147980425375,0.15144412241492766,-0.019379363851520726,versicolor
0.17499507839028094,-0.5379865807071944,-0.5962887372409952,versicolor
1.5375219944663918,0.5259732934591934,-0.33535720126045526,versicolor
1.23507666564943,0.6796327211178843,-0.32871737332918477,versicolor
1.3998816093850728,0.3093430501293133,-0.14777078870625487,versicolor
-1.2266814516309132,-0.8557126341873431,0.15169376124393852,versicolor
1.1126735836110768,0.4908206186359356,-0.5526768831767713,versicolor
0.5108941909367255,0.00793077181858326,-0.3064864894874143,versicolor
-0.21323057591155248,-0.6658171700223736,-0.31069206687455736,versicolor
1.5705653940101394,-0.5300355481853805,-0.0076171236196279635,versicolor
0.30965763950039626,-0.5525044414303286,-0.13109079262554652,versicolor
1.0103319350468762,0.40202284112224795,-0.2143844071002775,versicolor
1.3426879332882962,0.48724235169021046,0.04539725068588974,versicolor
-0.05879256305574554,-0.19453367484052286,0.1995829187950804,versicolor
0.349727768699875,-0.233042324135325,-0.31021488806120395,versicolor
0.03912302073029572,-0.323662288674158,-0.37299995648561085,versicolor
0.1273911668676444,0.1363242610194204,0.03730993867295847,versicolor
0.9033775780464381,0.019651839872111054,-0.42027737784379604,versicolor
1.115140784955666,0.46608775703552396,-0.3700010883471415,versicolor
-0.02309516665379885,-0.47140072421148993,-0.35125671042989615,versicolor
0.8692690544978809,-0.15914490400408177,-0.11037087577956434,versicolor
-0.6084202254208666,-1.1185875287576383,-0.4040390566218879,versicolor
1.4165080853347298,-0.6308222394974745,-0.49611096278753275,versicolor
0.12845977862472946,-0.6190918325825097,-0.254287193266781,versicolor
0.13314984111361916,-0.3205185322828914,0.014666812489914152,versicolor
-0.8136088261033931,-0.825025596440013,-0.4970799584623451,versicolor
0.052834659340187606,-0.16988820346594213,-0.20736940493503936,versicolor
0.3379851473971174,-0.6336289716021408,0.15948384274118443,versicolor
0.5992469732579844,0.20605244143997936,-0.1173423291533443,versicolor
0.33183646647090104,-0.16459963808207245,-0.008354044912221692,versicolor
1.427351831587563,0.3700582000675343,-0.12918158844851332,versicolor
0.06734419455055463,-0.5460420438225766,-0.16747275026733277,versicolor
1.474385086111873,0.33703225757090394,-0.4451289668017365,versicolor
0.975795188395371,-0.3318159566647809,0.08144423726360538,versicolor
0.13287918916698338,-0.7567799883386659,-0.08647693334027623,versicolor
0.19328675596012523,-0.26100928626482656,0.23722337736463334,versicolor
0.2293755150608492,-0.8883389067629919,-0.21346682021338864,versicolor
0.17222809434604347,-0.36700723813094793,0.09901157810075406,versicolor
0.9407734328500048,-0.3961826882276327,-0.41612531656106977,versicolor
0.40885395328742113,-0.20058066816363773,0.06380547610777719,versicolor
0.8854860178339461,-0.006981625853283546,0.04072616047960388,versicolor
-0.3775118800960131,-0.4203379038579911,-0.279987131521581,versicolor
1.4150178760057814,0.16630109054858622,-0.4716765072403529,versicolor
0.17160320621645475,-0.5071081030075169,-0.2653679792056764,versicolor
0.7778466589411135,-0.63015692250905,0.10716441260912091,versicolor
1.3577901364548932,0.3611330016028429,-0.4344217935874005,versicolor
0.6428162699420321,-0.31306068558567635,0.0418610781872618,versicolor
0.7644677826631545,-0.24402521786028064,0.3101098406954322,versicolor
0.5964069762550182,-0.3350922209212275,-0.432708845124226,versicolor
1.142399651264153,-0.06547684321281189,-0.0756424559126645,versicolor
0.9472661441978563,0.41148868972019237,-0.11469831203841685,versicolor
0.22332290624161732,-0.5453170852209706,-0.045017280048623654,versicolor
0.4567667992803477,-0.6850582495085566,0.06032928357050278,versicolor
0.2829985113833038,-1.0367458091776127,-0.27988780913231376,versicolor
-0.4221299585193323,-0.9445313488142597,-0.29127243259117097,versicolor
0.09745113768991676,-0.6368577737334293,-0.770618834036668,versicolor
0.21497131706118466,-0.4483538759207333,-0.13419311544089232,versicolor
0.5485660878190899,-0.1806360895568071,0.008179016175529352,versicolor
0.5681806444722639,0.28058505287892554,-0.3539245284671984,versicolor
0.5640425000722482,-0.5614134330949696,0.2098490267938008,versicolor
0.3031530440528707,-0.3293559204373464,-0.013931410406307174,versicolor
1.019208665852231,0.7496811551631541,-0.468902286405976,versicolor
0.3274193250262858,-0.43976186816470175,-0.2710489051110725,versicolor
-0.2526902435017915,-1.2133078940078974,-0.2222727858998959,versicolor
0.3677331042621539,-0.6015688402857498,0.09408275667019005,versicolor
-0.7761914389128348,-1.1122050851489842,0.009110027501635823,versicolor
0.8179227229446138,-0.570671034239659,0.13868958334456127,versicolor
1.0062058993512277,0.49188639575749615,0.3264801820034703,versicolor
0.7057918597149548,-0.5182410806033051,0.09941971391434617,versicolor
1.0994908471382567,-0.12024931947212547,0.26847956867062717,versicolor
0.8725713719998929,-0.22400113153173606,-0.19570920367715455,versicolor
0.774390839464731,-0.25191847863483297,-0.02317794102984426,versicolor
0.2960265490052816,-0.04356787403062423,-0.50020531265925,versicolor
0.8994501724041264,0.09055701770654778,0.0830780923126343,versicolor
0.4524289331554643,-0.5307308601184637,-0.32921196358192717,versicolor
1.2651310145640764,-0.4974232576919215,-0.6376667345328194,versicolor
0.9791209740430853,-0.35439504278169043,-0.19335603092707798,versicolor
0.8810595101163514,0.03879365877948615,-0.10778567461794722,versicolor
1.067821965265317,-0.013068821434519151,0.011692609178249436,versicolor
1.3495784639063118,0.6951470954526373,-0.5667993341491103,versicolor
1.6081100719596613,0.6202150295934974,-0.22345109553551884,versicolor
0.032377020034763504,-0.636831226844567,-0.089596167316425,versicolor
0.6570034995634915,-0.20503180297314394,-0.43019395973898633,versicolor
0.24002795715121739,-0.16387177770862138,-0.2911584933513713,versicolor
0.5775772323352024,-0.07478844357881798,0.066377944664892,versicolor
0.6034036116707986,-0.3221431472123273,-0.4811503476664515,versicolor
0.27181830923522377,-0.26168040670368065,0.32709098551860566,versicolor
0.763754890653833,0.0004459123972360146,0.2088454170498802,versicolor
0.8533936858539253,-0.3432130574361567,0.19458238890907242,versicolor
0.7758850634569479,-0.2865166736861191,-0.017100007613573928,versicolor
1.4059132246888444,-0.033836112907793314,0.0891582108956643,versicolor
-0.7592400453801282,-1.2553380354548098,-0.14262748473925832,versicolor
0.781508472884159,-0.44825657011677666,0.07193259349122703,versicolor
1.4317939995349374,-0.672330893706671,0.059587835821087634,versicolor
0.03774059341114011,-0.6264441319052683,-0.30129167689663333,versicolor
0.6104699004776251,-0.5292457102687411,0.6051522692320704,versicolor
0.7353628551512195,-0.5464631776507938,0.0740518643426723,versicolor
0.5503198519193351,-0.633410834670479,0.10418673128749317,versicolor
1.1318406967899657,-0.11590776368211841,-0.04676597544955485,versicolor
1.5471738390315153,-0.8033224497173013,0.10056844574500517,versicolor
1.1843509939017425,0.2455948917743278,-0.13871883489975367,versicolor
1.2402100288399005,0.43664329896731235,-0.37664851248489384,versicolor
0.3100768554831408,-0.09222493820451838,-0.05903856172164626,versicolor
0.3051881922088988,0.11052084851015742,0.013205597889925202,versicolor
-0.6474567640975168,-0.6559928508084765,-0.30011328750759114,versicolor
0.26960785797525944,-0.3100505603569852,-0.4615588478543118,versicolor
0.23560550299760497,-0.6220571449145904,0.12921984406667641,versicolor
0.9276320581436739,0.368568727040925,-0.27250248646661224,versicolor
0.6669020043975404,0.4478826751677376,0.5166189628979001,versicolor
0.6404187283519818,0.035635855124508176,0.07191659442255416,versicolor
-0.30499709267842157,-0.06365462572095737,-0.3110556955358678,versicolor
0.014845000022920551,-0.4452148433261316,-0.11468199287646746,versicolor
-0.5552417846492714,-0.8979318949916992,0.03969072483775637,versicolor
-0.5441033309989534,-0.9449929352604007,-0.18486257723028732,versicolor
0.0424030318947608,-0.8024020109285255,-0.4829481235412051,versicolor
1.0566896469928952,0.35136162809018856,-0.35137743369683394,versicolor
0.09932320777025261,-0.5321150621708535,-0.09708293725529563,versicolor
0.27275444180138386,-0.22119623225047835,-0.28187632130342416,versicolor
0.7127097363412034,-0.0211338693448635,-0.15633670357209076,versicolor
1.0016267642159118,-0.09799931857127042,-0.396330465328265,versicolor
1.194191573193324,0.20538419224697257,-0.4990355915433752,versicolor
0.34161226073623396,-0.20442465614294658,-0.0696229352708567,versicolor
-0.3377557951741377,-0.7717891649611914,-0.21616833771263344,versicolor
0.21425530401734072,-0.40773934217058283,-0.5397118379088192,versicolor
0.6648170281942818,0.055805921921515456,0.08544388322115783,versicolor
0.6595604784951004,-0.40359133559053717,-0.04979543981558038,versicolor
0.8978479072922703,-0.3170066726735792,0.2206208531268931,versicolor
0.9899881878784562,-0.034732915270908826,-1.2685332196990529e-05,versicolor
-0.27651650049607923,-1.0071827272658753,-0.35596981957673113,versicolor
0.4048723257683129,-0.5189531042704854,-0.06449384240912454,versicolor
0.2083184535203566,-0.0031738434053565356,0.22285611069395136,versicolor
0.4168464982207194,-0.41589398319862614,0.06747230480753315,versicolor
1.1773553260837355,-0.17229085765707275,-0.42808930907022535,versicolor
-1.0144790613572239,-0.5086246170075022,-0.400922374251392,versicolor
-0.84365672537331,-1.1647844500284688,-0.2640148983385394,versicolor
0.852236336572032,-0.08854844246732974,-0.2659860956508957,versicolor
0.600317645410696,-0.4846769195176872,0.21232066045705694,versicolor
-0.20530711679294633,-0.7737158936478457,-0.21478793519770584,versicolor
-0.7747161422401234,-1.261754026640972,0.13568972540785945,versicolor
1.3315357632950464,0.38965654635564917,-0.37967901210072663,versicolor
1.1410065735547548,-0.7021820682116378,-0.00017457217717153917,versicolor
1.463608797180048,-0.01719545338324746,0.18506355233014898,versicolor
0.6334013081227496,-0.4550076785625272,-0.19040808509102308,versicolor
0.9509378247629607,-0.4735196350859985,0.2892381955755505,versicolor
1.1615581228391108,-0.6386525257412226,-0.48997863525547036,versicolor
0.2751003671452876,-0.22197064048690685,-0.3369228485897931,versicolor
1.1716482043107712,-0.12511602620063478,-0.09757227940008559,versicolor
0.3752777404404011,-0.8359799449678542,-0.1900351644991925,versicolor
1.2320490043765293,0.10417648260087997,-0.13034715373387487,versicolor
0.8970919533999382,-0.4817527869074283,0.08766945468848385,versicolor
-0.4571021347465223,-0.7596660976917704,-0.17528515366709058,versicolor
0.10162406937149004,-0.042072027115945154,-0.19769846804276375,versicolor
0.7236344374536081,-0.3711159327055684,0.5555298116809828,versicolor
1.082318810829662,0.7494106907750187,-0.34435009642845726,versicolor
0.7630772813164208,-0.6258914066575478,0.6885524556322318,versicolor
1.815774501377514,-0.0013651617522771886,-0.18693718884940042,versicolor
1.4629415228397153,0.07758394405400981,0.1810237660005946,versicolor
0.0627701683809514,-0.59774295507213,0.2518619374666808,versicolor
0.752568013693165,-0.393851245745493,0.5119070037449418,versicolor
0.24691190019743736,-0.40174291738737633,-0.28032923533042753,versicolor
1.489701545619602,0.3394610558476234,-0.35150351354228293,versicolor
0.24108939926852369,-0.7415592685063546,-0.346826285768923,versicolor
1.219747028107136,-0.06244067833137912,-0.14868001544640472,versicolor
-0.3309700634584578,-1.222713367253669,-0.024242905990941352,versicolor
-0.9558397495209761,-0.7134499242241628,-0.32955534644090023,versicolor
1.3059526980259921,-0.2708125182157506,-0.005319251996018792,versicolor
-0.03451948084979595,-0.4590763101369211,-0.28763132972795463,versicolor
0.22419252935574896,-0.142579283156695,-0.25877255269225224,versicolor
0.9438778597440836,0.26376279722283247,-0.35481067217762774,versicolor
0.4432285781387888,-0.6284524668319511,-0.11049725896799933,versicolor
1.0209431521714931,0.2662684257095034,-0.129932177163527,versicolor
0.07320793933241276,-0.7027424951182111,0.021945200421457485,versicolor
1.3059188731050435,0.47443913647301006,-0.5895641646857029,versicolor
0.14742526882519424,-0.5637313223979126,-0.5967631618356123,versicolor
0.9590804120600138,0.023376315938692827,0.4979771275654008,versicolor
0.4427800522474419,-0.32692634285729216,-0.1829306617649727,versicolor
0.31396663865611085,-0.2087278796000449,0.1722907185271637,versicolor
0.463944439492991,-0.09043655569248799,0.32193189146230916,versicolor
0.22439948505669083,-0.5313924784877937,0.1598541062140162,versicolor
-0.5684966291298563,-1.2408174362018887,-0.2365005620020637,versicolor
2.495617822247061,-0.1510514393729263,0.8226459563923245,virginica
1.3853126694629916,-0.6387148210092306,0.2862499668161792,virginica
2.5773383698682846,0.306987668721562,-0.07352844431890423,virginica
1.9094999015914755,-0.27061589305774536,0.11835402441359738,virginica
2.322088206984265,-0.10361749157289424,0.2594105524403881,virginica
3.3652617345057028,0.5270652624734726,-0.2727452993236002,virginica
0.4559102081455757,-1.2558594094750601,0.4654353975562743,virginica
2.8886260242663155,0.2708446233981583,-0.30188686991175023,virginica
2.326448651921842,-0.259852675347207,-0.3254659755076834,virginica
2.894810350774465,0.7153248487429202,0.4797710297154545,virginica
1.6384848463495043,0.16198281193133912,0.30604031910139295,virginica
1.753942851245414,-0.25130225873136514,-0.01982166184857094,virginica
2.1270787609833306,0.12669150571463472,0.044907027809454006,virginica
1.3083350504673579,-0.8512271224810499,0.1740299480088523,virginica
1.5439920786614678,-0.6545199982177525,0.5519223111030451,virginica
1.8699473121967625,-0.005881798344372413,0.4784292228134117,virginica
1.905191928569506,-0.05460771018356336,0.08453862939008767,virginica
3.4210085147765668,1.1065673713535595,0.3530782048256997,virginica
3.7706808621341885,0.2451869605214707,-0.45254532001323744,virginica
1.2613118236751033,-0.7647738855327226,-0.39162883002348237,virginica
2.36795270846257,0.3126173573088318,0.20151944787513126,virginica
1.1595019466624708,-0.6580717553424469,0.47483483507194796,virginica
3.44603313703176,0.4794406606002326,-0.48211434277886744,virginica
1.3851057137620488,-0.249901625678131,-0.13237669209008876,virginica
2.2699008974971555,0.23880995268177063,0.3333290418784482,virginica
2.546203149478254,0.5222651939765557,-0.09413314339406156,virginica
1.2020814784613654,-0.239444934202937,0.044682632421273974,virginica
1.265328181066125,-0.21134470227931423,0.2342344938085153,virginica
2.042917172749937,-0.30764676777082123,0.11909163724289233,virginica
2.3450381190229805,0.43952552260232824,-0.3175600220388927,virginica
2.789721117971389,0.3505160559518963,-0.38856225718003023,virginica
3.174926081755718,1.3183025260591643,0.03892682899401457,virginica
2.122215495250008,-0.25867878001506295,0.15820219052940937,virginica
1.4439778846113045,-0.21615285353094738,-0.1384302181960254,virginica
1.734523618655138,-0.5765605467165358,-0.07284566604330611,virginica
3.0537957247010734,0.6902287034286498,-0.2839630792056687,virginica
2.1167383456929514,0.037048976800812206,0.7374105251765867,virginica
1.8595632129283501,-0.06174220560060917,0.24552328159969114,virginica
1.1673439981644425,-0.267009903692351,0.27708023529651793,virginica
2.060282780553992,0.2851542192936476,0.07751705187907057,virginica
2.251637417309265,0.1442466546166008,0.2712719052650595,virginica
1.8843228087328212,0.3267021876917644,0.11717102133289357,virginica
1.33039799156934,-0.6483576551002299,0.2684140721562066,virginica
2.4994972573360847,0.18858711203135403,0.346520361401141,virginica
2.382614925609329,0.24176219512058061,0.4824559561471736,virginica
1.8910530842991093,0.12774819870155252,0.10814435852558553,virginica
1.4578580946660642,-0.417483004265649,-0.17020987701338863,virginica
1.7225678601861167,-0.0017940582573734432,0.1137808373404702,virginica
1.8649250268106323,0.007632262859679884,0.7324397903188191,virginica
1.345850003147338,-0.36359489170303494,0.39491014937434643,virginica
0.9863987462901873,0.1542738030926838,0.051411368922673464,virginica
1.699009706917459,-0.578876668377589,0.11369368781137722,virginica
2.9589084474658875,0.10955944544105733,0.21033909892640504,virginica
1.1726732880624793,-0.1837929441245567,0.43855511931526714,virginica
1.2804414230437304,0.0631299742140925,-0.0018637600880907629,virginica
2.2100265313017227,0.054117106939843396,0.21496151176079153,virginica
0.7911063103595506,-1.3197515913148417,0.23738071776312222,virginica
1.9406910308879608,0.11403829603513937,0.2886324085559847,virginica
2.6847493841972927,-0.015352594939776587,0.5371935098135733,virginica
2.061862889779068,0.3406714680296883,0.5753005218315468,virginica
1.342149031560825,-0.07351928657810092,0.2756572731923358,virginica
1.9414935993150424,0.20651671193971222,0.48468551401864296,virginica
2.253559733967183,0.6931060204417365,-0.1151953933159412,virginica
2.1232595506439997,0.4925837712905876,0.02175604054271657,virginica
1.2724965176525984,-0.6810305713056675,0.358889057463512,virginica
1.4818137109430802,-0.17637412864022828,-0.05514879037454637,virginica
1.5157481555642276,-0.5823220618159537,0.40756382983341016,virginica
1.613210814392188,0.055973409737354096,0.42519181974084025,virginica
2.4511340961265677,-0.17227797280653245,0.6883620345687848,virginica
2.249243933578933,0.5034661461804948,-0.18848015065038198,virginica
1.206527292664763,-0.49571697774721635,0.26979703135824384,virginica
1.7942745235389044,0.19693952764849243,-0.1268857699782002,virginica
2.833211724597769,0.25493144332072326,0.3895171536405079,virginica
2.2376707881088427,0.004588211141110854,0.013003373958437911,virginica
1.2677385409747997,-0.12819202988150025,0.002600729877691388,virginica
1.5946675626459808,-0.48047754123746067,0.029970264739807448,virginica
1.859802643895196,-0.31351570883593993,0.4167136270093145,virginica
1.5039493742981511,-0.41040580606923616,-0.051157149181793454,virginica
1.809515703881238,-0.2518124588832755,0.023346326810623055,virginica
1.518997028594133,-0.1796391601938021,0.16965559075993558,virginica
1.023672376945651,-0.46590848933733486,0.42484197657817124,virginica
4.0366388302168446,0.5841824969824305,-0.6830300493664431,virginica
2.5117829988726914,0.19694435812078925,0.03550293144855735,virginica
1.2419989744427946,-0.37616367827958985,0.19739662157830445,virginica
3.181963085341467,0.33678710573161297,0.5037761804976219,virginica
2.507428410752807,-0.23827521414072095,-0.04553825905024711,virginica
1.6846316983550365,-0.38105840777819555,-0.12678164589438307,virginica
1.7276632655005644,0.006559530707076711,0.06723424759749153,virginica
2.236909307283611,-0.46676392267082,0.1860719956482068,virginica
1.3530642791594554,-0.8261505123988853,0.1747637627349063,virginica
2.6556446465001766,0.5614106736683855,-0.7000739916867024,virginica
1.923164925666618,-0.044574109520251426,0.2208828689399198,virginica
1.7175710940868516,-0.27342427316358364,0.7492135199090961,virginica
3.9330847840924825,0.43543729913614193,-0.48958886607964147,virginica
2.0977857813438625,0.446776778420233,0.05922948095073029,virginica
1.644723792124954,-0.04958614579693066,0.0337505835298368,virginica
1.9039970005778875,0.12595241054807804,-0.17754097742777697,virginica
2.2231359559636523,-0.2654135467019181,0.05086567100797219,virginica
2.0774806914698303,0.2840162269929323,-0.12526545381444493,virginica
2.8210961583121943,0.6736211257396008,0.034837270278997724,virginica
2.912770379102188,0.23167218321560412,0.15775744703607975,virginica
1.5371741821143203,-0.6054533702181919,-0.021653397216773493,virginica
2.030201954387434,0.4034446528892177,0.5775450118633837,virginica
1.0712151404436012,-0.7458247495328099,0.07626007542274404,virginica
2.702212483900002,0.17491067860931953,0.45869187764240793,virginica
3.3200267982207574,-0.02963797111710953,-0.4189486203843043,virginica
2.333400086794219,-0.27168596725647287,0.09591323712719868,virginica
2.9291951050903116,0.5535995808122038,-0.4890797300181643,virginica
2.3071075615479657,-0.025149733795172047,0.02830037076500231,virginica
3.246528267962825,1.0150291470608872,0.1603566506216014,virginica
1.138984696474414,0.14169230359900364,-0.28016823763070686,virginica
1.376098534893413,-0.21933364923312482,0.12234208746251106,virginica
2.6944599189011473,0.6019516534072302,-0.43120278269298773,virginica
3.224857988168514,0.6056905641464034,-0.563339540008102,virginica
2.6903669225936184,0.14462956702729723,0.13269395231125836,virginica
3.0142839599659634,0.6033883809831941,-0.5046972693391714,virginica
2.5166414765553533,0.25805650698474203,0.3532475537394499,virginica
2.8180497882394295,0.6212806259290842,-0.3279353128133502,virginica
2.1499100128479025,0.405641676086856,0.05569073441867364,virginica
1.4136067753646788,-0.3285419325205874,-0.34651185484053987,virginica
2.6539377155541466,0.21962969691537904,0.7690229001234198,virginica
1.25817840282875,-0.32661162504207475,0.010786662916437206,virginica
1.115093746931839,0.1688142379281361,-0.07813533948867044,virginica
0.588104376834961,-1.356398765495297,0.6583402803722396,virginica
2.4430936238364342,-0.29842311267389565,0.1916051199200913,virginica
2.5302680526012846,0.45606142053829846,0.12262242142758714,virginica
2.331610415959113,0.1050103714512165,0.5721741267842766,virginica
2.315147459898255,-0.33038286444709897,0.22008867137167762,virginica
3.359205673640826,0.11730035619209644,-0.016900536564604288,virginica
2.1283724649908686,0.19845456795073702,0.38048300877475977,virginica
2.6126589799794058,0.08705426166253627,0.406378848050284,virginica
1.9806771317853604,-0.017366770384719565,0.06494663467883222,virginica
1.7338876047584737,-0.33673652335671456,0.3755698200508998,virginica
1.4379916397520605,-0.4195971652098027,0.08394502872576115,virginica
1.2855059670943296,-0.3087560080480163,-0.05044831369833774,virginica
3.5941220646375616,0.5044710885208907,-0.5471300730210185,virginica
1.9546281928023594,-0.3138454557115873,0.8244724179695742,virginica
1.2627925597614826,-0.5507033460944353,0.5013225930808383,virginica
1.7659297776801441,-0.5016352073885946,0.2093250416575283,virginica
1.0887390382726858,-0.14214784194916064,-0.18067361341536953,virginica
3.039181229378549,0.6475721347648093,-0.3826107012747115,virginica
3.3511280316384155,0.797459380413791,0.1697488897301725,virginica
1.8241650458628937,0.4512481057884177,-0.14914474471056458,virginica
2.8465154877790564,0.4155794729864537,0.03147769682630969,virginica
3.3036875538901107,0.8196159263697611,-0.8557729377594636,virginica
2.8757305600027117,0.4728638667115783,0.22485513938449794,virginica
2.243125903525063,-0.34021419098473604,0.40949238203283067,virginica
2.695544999628442,0.21863091715108052,0.2369165347482263,virginica
3.2543374265101424,0.7200299515886703,-0.34113107660133496,virginica
1.7593585947942634,-0.24771158579474672,-0.15487052656280378,virginica
2.0387873901921685,0.23037140727854055,0.5048012968536475,virginica
2.507871309105157,0.387864312950577,0.21410520904928035,virginica
1.9435484676283226,-0.31016566421786784,0.19895747562669952,virginica
1.6614462682803195,-0.12262202000921274,0.22245284041100954,virginica
2.363950281638382,0.027417902113428205,0.6023388663865141,virginica
3.483946404656983,1.2478061392296018,0.2528786947910968,virginica
3.538295985864032,0.33773410435736295,-0.27247424887543686,virginica
1.6398693485559166,0.018583946917134497,0.01570724197846944,virginica
1.5003325414374435,0.21186891575676192,0.027461762548189723,virginica
2.4723603945883035,0.25690127828012876,0.22784281348099678,virginica
1.7892361976303697,0.08552399641625019,-0.07848529687630576,virginica
1.714724044231323,-0.21149308385930166,-0.09892635544492423,virginica
1.4957773402917596,-0.6610959388029594,0.25511246561348977,virginica
1.9623392330602583,-0.2777911742119272,0.5248870184323178,virginica
1.9392607979579166,-0.22723020576420883,0.20762171415086078,virginica
2.6772654394542688,0.5421283600181583,-0.5532525682718695,virginica
3.9594817227112795,0.629162201206868,-0.5011895362276841,virginica
1.2296560604591553,-0.8255655216868352,0.48575401418703995,virginica
3.2257331518655743,0.8612716299618848,0.0922109558230376,virginica
1.8337114325976973,0.2021402827221257,-0.2045123921980493,virginica
3.685595784514973,1.6765951570797935,-0.00983562787619742,virginica
0.9526760648709995,-0.13757621561370037,-0.1545254856137877,virginica
2.527889058601275,0.5216607595764247,-0.14905224360749186,virginica
1.4468291972959904,-0.5360863596920469,0.5465791963021525,virginica
2.62984613933574,0.26276910477317816,0.10442190322661567,virginica
2.676936114113184,0.5423812854091796,-0.15346293986994325,virginica
2.6967400731121014,0.2222833020292425,0.04985840063066848,virginica
2.215732490703367,-0.3449468246655929,0.11439217309070351,virginica
2.439026024128399,0.07359792224909256,0.6281160986443054,virginica
2.6372568959817464,0.46754557626676974,0.1453371735765317,virginica
1.4612525724705403,0.28883826444971383,0.10553314257354743,virginica
1.8804483066233315,-0.22796117470193789,-0.27100499807323913,virginica
2.669621458278982,-0.029537441313947532,0.4614741755682159,virginica
2.042148401102147,-0.1807466416476986,0.17184257495105984,virginica
1.3009313077731983,-0.3925936588066161,0.12751025348992606,virginica
2.277444693623904,0.5328271824664004,-0.17874268745027355,virginica
1.619075156296823,-0.5116035152282699,0.14594544313034563,virginica
3.280158244407689,0.5866841092184467,0.00393259005246685,virginica
2.7045606696502453,0.09267318783380496,0.2425087723409098,virginica
3.3374729196344397,1.6464885493966461,-0.07743523537429106,virginica
1.985298050486752,0.14739515436242012,-0.1971160609782303,virginica
1.8447197822827182,-0.09502254503647656,0.37068738471610263,virginica
2.376879368484415,0.10169943846938878,0.4539736832266114,virginica
3.388527060490585,0.949082868310585,-0.007664556634036757,virginica
2.356332763501813,0.24478494835746556,0.2665371343919303,virginica
1.0297856096943985,-0.3385944392031197,0.207533162711977,virginica
1.4745446504365383,-0.1128345290570385,-0.584564803966119,virginica
2.027395789232072,0.38455910517931,-0.09146531134259336,virginica
2.2585457415802894,-0.1259216985807603,0.08808620491006024,virginica
1.8810690794835558,0.3838862258238942,-0.05594778455588237,virginica
2.8416352339390762,0.40046883059117455,0.5302877220825697,virginica
1.360562904010786,-0.07455493801894075,0.4362017950042418,virginica
1.610266773550248,0.49796660353890854,0.15145443147836948,virginica
2.6593373611709445,0.5805602639186773,-0.2107659749341343,virginica
2.8343365849637294,0.3169898920830043,-0.07780383690582493,virginica
1.7190750066718667,0.25135745168546375,0.1832069290646764,virginica
2.9986703173041818,0.15979035569458766,-0.19100482256724333,virginica
2.1263029933294586,-0.34909745646469936,0.21989043362324528,virginica
2.9938599962570507,0.7763475567631186,-0.4943670120535196,virginica
2.5130752245525834,-0.4194837985327524,0.13691529419747875,virginica
3.2095449548925785,1.4452760712347477,-0.09153629926203663,virginica
2.033563582433711,-0.32829730965879733,0.029234942888631113,virginica
2.7583206757939287,0.10104345591612152,0.20568495691888908,virginica
1.7649635090823486,-0.4862483145291421,-0.23405163910798626,virginica
1.9872394930701205,-0.0013353169573599999,0.5446047956215332,virginica
2.099205908555523,0.403139458757674,0.14527934712343968,virginica
2.0804708859613195,-0.027263836023374566,0.18072416164230784,virginica
1.6016498387686857,-0.20232382196838028,0.20007446101483772,virginica
1.9390356187513937,-0.27390044678507763,0.6369644350231365,virginica
1.597299791474999,-0.7102169992598499,0.05007309471289381,virginica
2.2070016843614857,-0.2616765036451696,0.30385078715586955,virginica
2.126976057544936,-0.16457013507240248,0.8678413155103656,virginica
1.9197476087381187,0.03133888354474923,0.090435533509293,virginica
2.32896505341831,0.29009395108993274,0.2736623237413313,virginica
3.7002461860091955,1.0718346786846453,-0.4675806990272414,virginica
1.7523637238313041,-0.4420234855518128,0.30403276854024675,virginica
2.6935736581418332,0.4851607325766505,0.0456067228464134,virginica
3.160070557460511,0.5657881585895419,-0.6687609323653634,virginica
1.3721368515730887,-0.25507874436007505,0.09273105439102758,virginica
1.3897388904922465,-0.5384315141691598,0.27433953911824427,virginica
2.7515530307830893,0.4718512856510646,-0.3188201359031402,virginica
1.920172287317465,0.01298312351155495,0.15522654826998683,virginica
1.6934977063057097,-0.09768200157742069,-0.16090900636033106,virginica
2.4934042067561215,0.3487239946074707,0.2500617853112157,virginica
2.53554529350963,0.12555114497791653,0.5636976840841504,virginica
2.3163932858304657,-0.027464986851652107,0.6195765930361159,virginica
1.5480443952382696,-0.38490644253415685,0.13557313524564701,virginica
2.2654242858030456,0.1765882543716062,-0.17670621336180803,virginica
2.568847417982326,0.5080257039433187,-0.0678469407268339,virginica
1.8890735757438,-0.22891287102463487,0.20276272798666328,virginica
3.497767113126507,0.7475240968712358,-0.4666153417791271,virginica
1.2478912713638195,0.07972070739369475,-0.02288882404753001,virginica
1.8753660355838333,0.5318365681822534,0.038074653190643515,virginica
0.583263812223441,-0.7172095958101332,0.1217128683975745,virginica
1.5636368588655092,-0.3061833844468671,0.16977100872158624,virginica
2.598320993984373,0.6126998464836166,-0.27291865818439803,virginica
1.7274030259741728,-0.1006021353114166,0.3747865730223235,virginica
2.6009271545589296,0.20460350157323592,0.4231802337707335,virginica
2.664346176033842,0.1529403306048005,0.5546009027340773,virginica
1.4910411734348283,-0.517769099626129,0.5109082593105815,virginica
3.2609680860090116,0.7971811140974507,-0.6516079217154223,virginica
1.9369231501064377,0.27806702061017496,0.13005016954483728,virginica
3.249826652520472,0.3101144607761439,-0.12174891473884394,virginica
1.265290509878441,-0.10606028263712997,0.39604130601673176,virginica
2.3574164194787084,0.26036986616581714,0.19879711559849647,virginica
2.8999562737368763,0.08561303445672941,0.4052802495875867,virginica
2.579447396285227,0.11783707713314939,0.5552811983985017,virginica
1.9535550167514213,-0.1475966048830628,-0.024796217535366705,virginica
1.5026615131798398,0.16073927001338628,-0.22864184105884222,virginica
2.4705465955531842,0.8833464348122426,-0.37009784452056066,virginica
2.7276767364763934,0.47981813311244714,-0.12453460758904414,virginica
2.4203909399214325,0.2474069105847878,0.5071095963105627,virginica
2.0269649465700077,0.32668019920798397,0.11180206086993655,virginica
1.7925274418162225,0.040698623149186375,0.1790275237063862,virginica
1.809073944154112,-0.4073035951012631,0.3232640206013023,virginica
2.5362262992476854,0.38804660571931127,0.36160620463532445,virginica
1.7249575862952717,0.3889966607099016,0.21544104972962788,virginica
1.5632983121803221,-0.5242758921956128,0.25048183283834446,virginica
1.8383403114304215,-0.13126786153568837,0.9677821502720483,virginica
1.7390545797723194,-0.0015695757208531447,0.5030785929982458,virginica
1.8483101920319234,0.03452951434240159,-0.034424557800419434,virginica
1.618257038063688,0.2738638109947926,0.06294485796613619,virginica
2.6600318397600446,0.3817589775951076,-0.44397011343796977,virginica
1.4543492385886951,-0.13828767984532409,0.06354714447103854,virginica
3.040710753728387,0.7078206696242262,-0.5305131115220268,virginica
1.8813111305726826,0.35844502811402545,-0.11797858060809052,virginica
1.4785752195608444,-0.038354210156255064,0.1352056256935384,virginica
1.640790616621019,-0.16773512674383362,0.14650793835582115,virginica
2.359741588713984,-0.4592337453002351,0.152549364226229,virginica
1.111742767586314,-0.9360067781510439,0.5140428599864297,virginica
2.117924087408781,-0.058976004446994246,0.07796347730336174,virginica
1.779908909242863,-0.2664296695457482,-0.19809598394781763,virginica
2.2661408235052276,-0.005261279120952089,-0.023220903499933082,virginica
3.2804896846630687,0.32075559567853595,-0.10785587542916644,virginica
2.505089232122767,-0.06127517268018501,0.11267047304770056,virginica
1.9787788084946456,0.0583114589234528,-0.00595733118826651,virginica
2.116024851038964,0.09127657979052373,0.011612529519112694,virginica
2.9131376191228444,0.7320784308506258,0.2769032303356057,virginica
2.3758018858447034,0.5544573368308274,0.30403138124065066,virginica
1.7951898367864647,0.1803441229649243,-0.46004731999906623,virginica
0.37268416461003273,-0.8467288846720535,0.4496930936607972,virginica
1.5652805799864584,-0.3010853272092513,0.39551738935583686,virginica
1.7120943630601486,0.5142201536161304,-0.13561941218660967,virginica
2.6027542191478457,0.2607894848614727,-0.32493366469621837,virginica
3.176172373810294,0.5152639834852399,-0.42099675478949616,virginica
1.2800612928031772,0.12401144086362681,0.2813237074521945,virginica
1.6552347667913896,0.019280353745823042,-0.0182720879618556,virginica
1.0024677714177406,-0.36959218284802997,0.08250055077874989,virginica
2.6196464865290405,-0.2977310116477003,0.0755406067567752,virginica
1.700229221103319,-1.060259270338359,0.5084354475481911,virginica
1.2902079716556996,-0.7997766397272086,0.4231733097073176,virginica
3.2834427482431714,0.9096484186023641,-0.7637296025522443,virginica
2.1055038924000895,-0.05952394488002266,0.40904548473322516,virginica
1.4881888114334645,0.08463440601978167,0.32996567002450594,virginica
2.7551713993810854,0.055498296211736076,0.47585448652306844,virginica
2.867103010462383,0.4650260855251469,-0.34108898888739464,virginica
2.563850373886023,0.05106677721024688,0.4734154567890892,virginica
1.3554197649867215,-1.1145321129441834,0.12927440760883852,virginica
1.2990494766356253,-0.787074816341943,0.24268979566247756,virginica
2.9612009591102595,0.36472113628559377,0.4589725547245623,virginica
2.4878628026314846,0.32412229555753935,-0.02985232318954227,virginica
2.4557463387188765,0.4466515325716154,0.09262419069866781,virginica
2.391371838164959,0.487822167901931,-0.01305769573630515,virginica
0.9097164265776492,-0.6140808608279871,-0.23069466831308683,virginica
2.346659194667126,0.5366927105618675,0.1930981515622222,virginica
2.7322623368743972,0.4890124810833134,-0.3492450035191337,virginica
1.7949742093720031,0.17745399293488617,-0.08739940470927252,virginica
2.2001806343424173,0.033680121871037194,0.14927765516115055,virginica
1.2949380100613928,0.007037881180015582,-0.18288785897142662,virginica
2.679377227189791,0.24903897687256382,0.45189593671461253,virginica
1.5346838198890538,0.04469177201182006,0.38299207972034066,virginica
2.8378642671913443,0.6635215312824476,-0.5349966661568732,virginica
3.852587925867219,0.6553812422608516,-0.4730588882366139,virginica
2.5752863303792957,0.5724652319215524,-0.7371662692112786,virginica
1.4003911177955475,-0.6610427210345025,-0.1645293999595046,virginica
3.8344549317018988,0.33356506062354985,-0.16537590093317153,virginica
3.1283605097209577,1.5009639860519686,-0.17190180749006423,virginica
1.9302246103606482,-0.09178263448115409,-0.21750333447821424,virginica
2.0890030184902475,-0.06306904956688886,0.5649705391875968,virginica
2.0032621421960863,0.2753854406266054,0.0842606835028686,virginica
1.5232621539569946,-0.6812817051046061,0.5488371884793088,virginica
2.4377373424089424,0.5399284393816917,0.4918664903839918,virginica
2.251016951714065,0.20008867613111114,0.45407402322135415,virginica
2.961562171285774,0.5809970733606296,0.3466629178680598,virginica
2.166155657634052,-0.3050166226889539,0.2354592871587452,virginica
1.097906679490297,-0.9097849725268441,0.2763795824178382,virginica
2.1929988968061753,-0.02847418943019786,-0.14501925258311713,virginica
1.3935405480395389,-0.5733342567647144,0.42841284107309835,virginica
1.6499899947854564,-0.057184994473117534,0.21522914426076123,virginica
1.219527706281471,0.022929778076897556,-0.40113092456995847,virginica
1.626411013506897,-0.35995988043040406,0.4246957737900488,virginica
1.8986501773381708,-0.25951791945607283,0.06109534501766348,virginica
2.68883131794772,0.16014475558369057,0.5190848373228998,virginica
1.7999835201884151,-0.15026619686990994,0.10636910238298398,virginica
3.4018879225281413,0.37342606229176756,-0.0946612383132438,virginica
0.9711401619170914,-1.174633994707433,0.7396653913935671,virginica
2.049200122192323,-0.42570757918855673,0.19350081635124677,virginica
2.0522703838998666,0.038451279469366106,0.011844003267782025,virginica
1.9309048821751906,0.06598949102072904,0.5644592320504513,virginica
1.2009332667369188,0.08156672448532554,-0.06723713564462669,virginica
1.608754422262984,-0.2913194024136647,-0.012793889742847828,virginica
1.5835755011783705,0.42561567501189046,-0.14155579294835863,virginica
2.6288766908890118,-0.10982188077402899,0.7487476269349056,virginica
3.110073531556214,0.15826738289760112,-0.3323101386823548,virginica
1.8610968438562514,-0.14185290309075693,0.18069123739866555,virginica
1.530613935743859,-0.88716041179444,-0.21331039523918144,virginica
1.696465575009296,-0.1896026659036858,-0.14871812183765712,virginica
2.215756274805395,0.03363243548579398,0.3890415420140456,virginica
1.8115276039157928,0.08988991351834841,-0.2891384439382014,virginica
1.5136226944037867,-0.40528156988701536,0.2318005950161616,virginica
1.569149088755955,-0.4511671562169024,-0.034333950251026396,virginica
1.2201714594620183,-0.47772818026027597,0.2781906085219982,virginica
2.5092208089645087,0.4251999899007419,0.4252357408697652,virginica
2.0221857810400383,-0.6009598301994039,0.06890389888710728,virginica
1.4362051331479284,-0.5910464141358149,0.34414025609102983,virginica
1.5854751167144876,-0.05008441457783608,0.12189948316526211,virginica
2.457034524484815,-0.11957872807006442,0.8004721695349349,virginica
3.0121991191586783,0.060520668244207876,0.5798245515418665,virginica
3.354019630674337,0.7209492126631449,-0.6493434603018602,virginica
1.026718274810995,-0.6322270237602083,0.5697040773562161,virginica
2.802369145972433,0.26055634715259224,0.04643064188606198,virginica
1.2108368895064183,0.1606785638780499,0.08863830366271445,virginica
3.556768877495914,1.4423423538888214,0.13906134279278273,virginica
2.866009536018609,0.6419722082470196,-0.12376344707984366,virginica
3.037242504354145,0.7208705452035051,-0.21179682294225938,virginica
1.8974224149278696,0.19970257458022367,0.10266070359419113,virginica
3.0259365193211707,0.44845767176504214,-0.34427620191221314,virginica
2.1863907810516867,-0.4104137189468018,-0.2065123321636087,virginica
1.5384766558352254,0.2797441044374711,0.6525279743975632,virginica
2.8444417359058853,0.7888043720272355,-0.09848837295493088,virginica
2.094498550694949,-0.19286362024786907,-0.1360191275706022,virginica
2.4157790233815177,0.2997829890498487,-0.3978758920960885,virginica
2.42899453545861,0.44807127195396035,-0.13072060604169994,virginica
3.329227157254733,1.3631673768164951,0.3029737264735136,virginica
2.3634471947309796,0.4456190375954412,0.20777230704107685,virginica
2.451333990283649,0.37337198682755535,0.5079633563491299,virginica
2.0395276340100494,0.09562260692715885,0.0563689910208919,virginica
3.462620212130787,0.9094033278150686,0.3177774485194025,virginica
2.214906454130584,-0.47970238198091053,0.10780100792113756,virginica
1.462787689854225,-0.15796397091546144,0.3569926058806453,virginica
1.4954148451253113,-0.08524186543117018,0.22524685841729952,virginica
2.1797231518512517,0.17258946745012782,0.00497415432867751,virginica
1.4402176656905015,0.07905886252149585,-0.06171833418793768,virginica
3.4794011300740966,0.9390447963006459,-0.504010801805831,virginica
2.875379331799639,0.338521954764337,-0.008245507481419431,virginica
1.4055476853478739,-0.7773510159630979,0.6633571125929816,virginica
1.751334635233956,-0.03026809899242533,-0.2281068644936815,virginica
3.4313856531072116,0.8626192629309433,0.1057687637391219,virginica
3.063216184185272,0.6564210057700999,-0.6614029824765117,virginica
2.912612307596797,0.8588627478436104,-0.30852801666723995,virginica
2.565099917975532,0.14696477764307048,0.7084933499766166,virginica
3.0373257294376828,0.40414856336894456,0.006503894601538662,virginica
1.6139231043200075,0.3447542056770043,-0.1139532401744845,virginica
1.726739018160404,0.3822463642430085,0.22586334457972015,virginica
2.8467694815038254,0.32403979676274286,0.15823860687410693,virginica
2.1182985695336525,-0.005939833543752826,-0.2554509936125348,virginica
2.2642797047166683,0.3475934972494388,0.6193557354216559,virginica
2.1423836862896994,0.35213198736646856,0.45053414971922323,virginica
1.591741370538882,-0.12342431172387514,-0.1638911092214627,virginica
2.2913862114085815,0.39104765344845394,0.21477301509240534,virginica
2.2298124381009474,-0.6064793847239258,0.16429057450477327,virginica
1.3150697549315273,-0.3102229092050912,-0.20982784791155606,virginica
2.2943905164640954,0.11159494325858788,0.5117356931001482,virginica
1.4525438576791387,-0.06108625572286375,-0.041575670143047846,virginica
1.2253590682753837,-0.4501992791938738,0.07240540514936299,virginica
2.1808019272995285,0.04330516227210257,0.33159185501220617,virginica
2.1970599008142777,0.2086116489703027,-0.040632277743125,virginica
1.247105351904139,0.12293527360333911,-0.29493515992162544,virginica
2.526247159342793,-0.14706961021232967,0.6747930842588904,virginica
2.626790101246863,0.4647966985755101,0.5511709130731219,virginica
2.2140157368948943,0.35167414510376815,0.6081248655058261,virginica
1.7880871102229454,-0.09141203651732521,0.19996488885333052,virginica
3.1840191603488446,0.8669825525119075,-0.563971333106466,virginica
2.9900610887061188,0.2856716444535774,-0.45916245422363267,virginica
2.13227678221694,0.48332019681831806,0.24781789569184018,virginica
1.566914517145677,-0.5240711102827795,0.18427735414723628,virginica
1.8196842281861052,-0.558736215632873,0.15895628839378317,virginica
2.041782381425617,-0.08803782217172262,0.4460031050423356,virginica
1.6861218363458752,0.538450643033265,0.033662990153762486,virginica
3.7732002336512505,0.21365767691837867,-0.19322288031763202,virginica
1.496478096018218,-0.14930345948819568,0.02796907434848095,virginica
2.0519800025415114,0.16664081835340472,0.1731892379319397,virginica
2.8492737519545965,0.7272744417173129,-0.4613018940653555,virginica
1.8291081191392617,-0.6535051989812093,-0.543315906149457,virginica
3.0169365938789685,0.45329543482618107,-0.3550566740906989,virginica
2.215854651078332,-0.2023448897074367,0.027996519153948955,virginica
1.608525412407685,-0.041833412440754,0.2909638138453333,virginica
3.769918005840063,0.7453537510357355,-0.4583340079100473,virginica
2.71528862194935,0.005633924087036668,0.6336435001967983,virginica
2.3021138677648816,0.05795883100925536,0.3951094139589791,virginica
1.1719337245908656,-1.031417681487805,0.40462909718879253,virginica
1.3061347916034078,-0.5146002309619364,0.32315990522910626,virginica
1.8697394521080186,0.12611844861637334,0.13060755973277688,virginica
2.106687014556802,0.34161422181168,-0.03305633322712197,virginica
2.0703982833126675,0.0918153556655481,-0.27853444204741934,virginica
1.2120720644852216,-0.5938223937591882,0.5077617410226232,virginica
1.953911884378872,0.20421497281110312,0.19227945496337778,virginica
2.4347667031323112,0.34367974509986965,0.052960677398411544,virginica
1.067165195260026,-0.4920740013043208,0.4689068711865563,virginica
2.9502062327270497,0.2624242700618584,0.5125961886801403,virginica
3.6355277393834626,0.7117984454323674,-0.7522975260893144,virginica
2.6651971822629026,0.17590950403122374,-0.16773919551436908,virginica
1.8895407530253676,-0.571285247202808,0.19720901753148717,virginica
1.505459473307214,-0.5945394743422456,0.35635563934629244,virginica
2.671930393344635,-0.1839055141578516,0.07000022098188065,virginica
3.6237746187043918,0.7626209227454313,0.36522096723537434,virginica
3.1764683313830577,1.2662937344409793,-0.33135998293376284,virginica
2.6218232427421384,-0.2560201637361894,0.7024445286865816,virginica
2.329059133861528,0.0387700833125626,0.8148805484335048,virginica
3.6054931680357125,0.4500257926341149,-0.11708329563404934,virginica
3.060439813291369,0.3345898495485633,-0.08935671071162854,virginica
1.7436542907343462,0.039452125076457456,0.2693412596191468,virginica
1.1878765363426353,-0.4704294970829679,-0.0626521510829296,virginica
1.6725180614646797,-0.5927619392144381,-0.25094858585441693,virginica
1.0276152054109087,-0.8147556145786696,0.35832385944637335,virginica
2.7642756915452438,0.6713355650685404,-0.02877157971520161,virginica
2.8556375994100716,0.46411606734180566,-0.6969614015317097,virginica
1.713353015439119,0.19410448755490695,0.14441815107403577,virginica
1.4759847154834924,-0.4178598236147879,0.5221861560278334,virginica
2.646887432201412,0.2487812797844846,0.4907782280343319,virginica
1.6454195742816742,-0.22676942905414155,0.1801587577568587,virginica
2.0881233145301543,0.4775189431125577,-0.03749569238935699,virginica
2.106759508094358,0.29199763543668844,0.3393829254136428,virginica
2.399156118970792,-0.5982750110257316,0.2669438175416111,virginica
1.6642583740400312,-0.5431928389147993,0.19597553296121242,virginica
2.23800306897889,-0.0662731834005621,0.11329280508718888,virginica
2.638633077499282,0.5716260772556749,0.5079421294601829,virginica
1.1766978264506678,-0.24153577007394134,-0.04551874575075837,virginica
1.9554919448856065,0.41061440475041877,0.11718498671882997,virginica
2.9225442434091384,0.0987449255448789,-0.1181484751750776,virginica
2.505185965688826,0.18708212450886386,-0.3184652304183872,virginica
2.867630913405888,0.8057088173091094,-0.3084438413162849,virginica
2.118989987128791,-0.13784003623004626,-0.032970490257385854,virginica
2.3213717710145065,0.2909512782055632,0.19298337430622792,virginica
3.251798849676536,0.45127977692420007,-0.574122036859688,virginica
2.26451500909193,0.1459266663154608,0.4541627345578687,virginica
3.2108983285971586,0.43445333305006706,-0.2751407112716411,virginica
2.251734788025141,0.1622325982320847,-0.12190216504607326,virginica
1.4689173222781546,-0.3214203937453757,0.2890852345202156,virginica
1.7828850841436958,-0.09496225898554389,0.0010417866523688146,virginica
1.749540627978928,-0.5729188764302737,0.6596672238103822,virginica
2.0104826489550316,-0.2010968504024273,0.28556189202384075,virginica
2.6207136883120796,0.33898669991793184,0.1916581040874245,virginica
1.2954686917060805,-0.4189927851926054,0.35860010635432793,virginica
1.6924839037305714,-0.47946837133443676,0.2591784323085794,virginica
3.128824292929689,0.6470308490123937,0.5331937090398459,virginica
1.1664173686720005,-0.11283178395144855,0.25647479833904113,virginica
2.2108558544145884,0.6671943264205416,0.3299822150444285,virginica
1.777862366577187,-0.11960211191845627,0.5437678322977134,virginica
2.602840609025522,0.11941736885818077,-0.33857452099318314,virginica
